sample	candidate_HOGs	selected_HOGs	selected_SC	selected_Stage	selected_Species	pd_TMM_reference	vv_TMM_reference
pd103	8696	4826	1293	1420	2421	pd33	vv184
pd105	8697	4642	1238	1334	2327	pd33	vv184
pd106	8696	4668	1238	1366	2325	pd33	vv184
pd11	8695	4857	1340	1377	2459	pd33	vv184
pd110	8696	4531	1167	1122	2461	pd33	vv184
pd112	8698	4559	1258	1076	2461	pd33	vv184
pd115	8679	4572	1284	1092	2440	pd33	vv184
pd119	8681	4674	1216	1285	2438	pd33	vv184
pd12	8697	4795	1238	1378	2471	pd33	vv184
pd120	8681	4702	1221	1323	2425	pd33	vv184
pd122	8678	4703	1182	1352	2428	pd33	vv184
pd123	8681	4790	1223	1375	2450	pd33	vv184
pd128	8681	4738	1155	1345	2485	pd46	vv184
pd13	8687	4741	1242	1342	2443	pd33	vv184
pd130	8679	4911	1237	1487	2488	pd46	vv184
pd134	8696	4657	1136	1323	2440	pd33	vv184
pd137	8699	4575	1041	1348	2397	pd46	vv184
pd14	8698	4776	1250	1290	2504	pd33	vv184
pd142	8697	4794	1226	1385	2445	pd33	vv184
pd143	8697	4712	1217	1330	2430	pd33	vv184
pd149	8680	4446	1225	1062	2379	pd33	vv184
pd15	8698	4705	1257	1263	2448	pd33	vv184
pd150	8695	4397	1005	1123	2443	pd33	vv184
pd152	8682	4752	1196	1379	2440	pd33	vv184
pd16	8681	4455	1196	1044	2423	pd33	vv184
pd17	8681	4481	1221	1056	2426	pd33	vv184
pd19	8681	4771	1287	1353	2425	pd33	vv184
pd2	8698	4974	1272	1616	2407	pd33	vv184
pd20	8677	4665	1176	1260	2471	pd33	vv184
pd21	8701	4581	1233	1070	2503	pd33	vv184
pd22	8697	4667	1216	1137	2551	pd33	vv184
pd23	8694	4821	1186	1393	2520	pd33	vv184
pd24	8699	4799	1105	1418	2526	pd33	vv184
pd25	8689	4724	1183	1344	2463	pd33	vv184
pd26	8688	4788	1321	1326	2442	pd33	vv184
pd27	8696	4862	1253	1428	2470	pd33	vv184
pd28	8695	5003	1345	1445	2542	pd33	vv184
pd29	8682	4728	1160	1382	2439	pd33	vv184
pd3	8680	4905	1236	1537	2434	pd33	vv184
pd30	8680	4796	1145	1525	2392	pd33	vv184
pd31	8679	4659	1219	1255	2440	pd33	vv184
pd32	8680	4452	1194	1034	2428	pd33	vv184
pd33	8700	4760	1215	1386	2429	pd37	vv184
pd34	8699	4594	1187	1089	2542	pd33	vv184
pd35	8700	4859	1290	1396	2467	pd33	vv184
pd36	8699	4873	1288	1409	2467	pd33	vv184
pd37	8698	4828	1338	1348	2454	pd33	vv184
pd38	8693	4718	1293	1269	2440	pd33	vv184
pd40	8697	4595	1244	1109	2491	pd33	vv184
pd43	8698	4688	1298	1183	2474	pd33	vv184
pd45	8683	4550	1185	1169	2427	pd33	vv184
pd46	8681	4652	1206	1272	2430	pd33	vv184
pd49	8682	5000	1332	1561	2442	pd33	vv184
pd5	8681	4673	1118	1365	2428	pd33	vv184
pd51	8683	4696	1222	1321	2418	pd33	vv184
pd52	8683	4679	1173	1322	2435	pd33	vv184
pd55	8683	4679	1147	1341	2439	pd33	vv184
pd56	8681	4729	1151	1490	2346	pd46	vv184
pd57	8683	4806	1264	1500	2330	pd46	vv184
pd58	8683	4519	1118	1137	2478	pd46	vv184
pd6	8683	4698	1132	1359	2447	pd33	vv184
pd63	8697	4826	1088	1501	2499	pd46	vv184
pd66	8699	4844	1155	1494	2465	pd46	vv184
pd69	8694	4548	1103	1251	2403	pd33	vv184
pd7	8701	4505	1103	1065	2533	pd33	vv184
pd72	8695	4666	1096	1346	2462	pd33	vv184
pd75	8694	4939	1196	1582	2474	pd33	vv184
pd77	8697	4926	1203	1538	2488	pd33	vv184
pd8	8700	4668	1360	1070	2499	pd33	vv184
pd80	8681	4865	1211	1523	2428	pd33	vv184
pd84	8682	4783	1175	1393	2501	pd46	vv184
pd86	8683	4591	1129	1248	2437	pd33	vv184
pd87	8677	4626	1072	1345	2434	pd33	vv184
pd9	8698	4755	1264	1325	2442	pd33	vv184
pd93	8682	4719	1248	1249	2493	pd33	vv184
pd95	8680	4776	1163	1401	2490	pd46	vv184
pd98	8699	4874	1307	1403	2481	pd33	vv184
vv154	8681	4682	1037	1423	2452	pd33	vv184
vv155	8681	4644	1104	1281	2498	pd33	vv220
vv156	8681	4592	1152	1289	2397	pd33	vv220
vv158	8681	4602	1173	1286	2393	pd33	vv220
vv160	8681	4905	1378	1369	2492	pd33	vv184
vv161	8681	4470	1190	1143	2350	pd33	vv184
vv165	8681	4957	1244	1597	2428	pd33	vv184
vv166	8681	5019	1353	1600	2406	pd33	vv184
vv168	8681	4746	1273	1373	2398	pd33	vv184
vv169	8681	4835	1337	1390	2429	pd33	vv184
vv171	8681	4546	1125	1246	2406	pd33	vv220
vv172	8681	4767	1145	1420	2465	pd33	vv184
vv175	8681	4643	1204	1289	2403	pd33	vv220
vv176	8681	4622	1193	1272	2413	pd33	vv220
vv181	8681	4588	1114	1272	2420	pd33	vv220
vv183	8681	4939	1293	1597	2370	pd33	vv184
vv184	8681	4434	1071	1170	2387	pd33	vv231
vv187	8681	4570	1161	1254	2400	pd33	vv184
vv188	8681	4714	1234	1325	2433	pd33	vv184
vv190	8681	4553	993	1274	2494	pd33	vv220
vv191	8681	4604	1107	1268	2469	pd33	vv220
vv193	8681	4559	1119	1280	2390	pd33	vv220
vv194	8681	4428	982	1272	2363	pd33	vv220
vv195	8681	4636	1294	1185	2422	pd33	vv220
vv197	8681	4518	1112	1231	2393	pd33	vv220
vv199	8681	4652	1231	1243	2425	pd33	vv220
vv200	8681	4662	1271	1208	2440	pd33	vv220
vv201	8681	4828	1223	1437	2455	pd33	vv184
vv202	8681	4827	1257	1402	2453	pd33	vv184
vv204	8681	4705	1334	1164	2484	pd33	vv184
vv205	8681	4421	1167	1042	2425	pd33	vv184
vv207	8681	4709	1275	1308	2408	pd33	vv220
vv208	8681	4671	1153	1248	2513	pd33	vv220
vv210	8681	4777	1390	1282	2411	pd33	vv220
vv211	8681	4690	1292	1261	2417	pd33	vv220
vv214	8681	4559	1160	1267	2372	pd33	vv220
vv215	8681	4772	1252	1365	2437	pd33	vv184
vv217	8681	4705	1294	1265	2426	pd33	vv184
vv218	8681	4704	1274	1287	2421	pd33	vv220
vv219	8681	4695	1202	1309	2444	pd33	vv220
vv220	8681	4667	1047	1352	2487	pd33	vv184
vv223	8681	4641	1121	1266	2471	pd33	vv184
vv224	8681	4581	1128	1207	2462	pd33	vv184
vv226	8681	4751	1309	1244	2478	pd33	vv220
vv227	8681	4644	1236	1283	2382	pd33	vv220
vv228	8681	4726	1237	1368	2408	pd33	vv184
vv230	8681	4652	1248	1283	2385	pd33	vv220
vv231	8681	4642	1234	1248	2423	pd33	vv184
vv232	8681	4895	1240	1566	2391	pd33	vv184
vv235	8681	4703	1140	1418	2402	pd33	vv184
vv236	8681	4485	1135	1153	2410	pd33	vv184
vv239	8681	4497	1035	1286	2386	pd33	vv220
vv241	8681	4795	1168	1367	2520	pd33	vv184
vv242	8681	4693	1133	1309	2492	pd33	vv184
vv243	8681	4708	1129	1326	2513	pd33	vv220
vv245	8681	4853	1368	1257	2537	pd33	vv220
vv246	8681	4643	1241	1284	2385	pd33	vv220
vv248	8681	4614	1128	1297	2427	pd33	vv184
vv250	8681	4688	1210	1396	2350	pd33	vv184
vv251	8681	4653	1107	1347	2431	pd33	vv184
vv252	8681	4661	1181	1269	2459	pd33	vv220
vv254	8681	4671	1226	1295	2416	pd33	vv220
vv255	8681	4677	1143	1299	2480	pd33	vv220
vv257	8681	4606	1087	1299	2445	pd33	vv220
vv258	8681	4507	1109	1247	2351	pd33	vv184
vv259	8681	4646	1152	1390	2341	pd33	vv184
