"sample","Species","Stage","SC2","Axis1_SC","Axis2_Stage","Axis3_Species"
"pd103","Pd","L5","L/Q",10.1800916531734,35.2608002772346,-35.4658477315
"pd105","Pd","P","L/Q",-2.12597880819402,39.4620644710687,-32.5629679527473
"pd106","Pd","P","L/Q",-5.38529121884769,40.43513373784,-32.2476378103174
"pd11","Pd","L5","E/W",-8.49704572969896,29.1028790957039,-32.8158414695119
"pd110","Pd","L1","L/Q",-1.69505329770966,-13.8579584775065,-44.8094494154261
"pd112","Pd","L1","L/Q",12.6191017564506,-0.717464134443045,-45.1272081124163
"pd115","Pd","L2","L/Q",10.4072337793705,1.14762519550485,-45.1623425856736
"pd119","Pd","L2","L/Q",7.66240927834489,-13.9387853683104,-39.5029120401442
"pd12","Pd","P","E/W",-17.5476332764729,33.7100781912936,-32.5358451130331
"pd120","Pd","L2","L/Q",13.1921564812037,-9.63826683228308,-38.6775267385127
"pd122","Pd","L3","L/Q",11.4328900867289,4.59514731058035,-43.3821828851163
"pd123","Pd","L3","L/Q",25.1435352622633,23.3463209246613,-48.4592446687314
"pd128","Pd","L4","L/Q",19.0402411564908,17.4460360265314,-40.3792568232166
"pd13","Pd","P","E/W",-44.6503439591114,19.1981150711675,-33.4881279881894
"pd130","Pd","L4","L/Q",17.8682218179603,22.6528657542272,-40.6066167875318
"pd134","Pd","L5","L/Q",8.35991663645892,35.5111467511745,-33.9693003205603
"pd137","Pd","L5","L/Q",25.1640406794407,34.2717914235268,-40.2752250984081
"pd14","Pd","L1","E/W",-15.3225225505958,-12.5015705457533,-40.1115740731865
"pd142","Pd","P","L/Q",-24.9749026003879,28.2220779198989,-31.3102266662571
"pd143","Pd","P","L/Q",-5.74715695998665,37.9054274221929,-31.9808759091405
"pd149","Pd","L2","E/W",-0.934531304391929,-4.20860345778057,-37.7609230627366
"pd15","Pd","L1","E/W",-4.92829802902981,-20.9949740876059,-37.3854762791826
"pd150","Pd","L1","E/W",-28.7293760215444,-19.4565485868299,-43.6308869812576
"pd152","Pd","L3","E/W",-9.43112122203727,-37.1736796827177,-34.5016628749911
"pd16","Pd","L2","E/W",-6.32299531753576,-11.8870202237724,-39.3956185154027
"pd17","Pd","L2","E/W",-13.103434206001,-10.215880335537,-37.5122606769435
"pd19","Pd","L3","E/W",-1.73556642195205,-8.85907718588918,-37.3178164559287
"pd2","Pd","L1","E/W",-30.2945221473692,-67.1348530328728,-31.5781661841109
"pd20","Pd","L3","E/W",-7.58994819284397,-15.7574707328022,-36.7051744252905
"pd21","Pd","L4","E/W",-0.937498955502328,-12.5899349278127,-33.8902033795253
"pd22","Pd","L4","E/W",-7.05541434745512,-14.9144440541692,-37.6367371158846
"pd23","Pd","L5","E/W",-10.7621824103406,15.5097258854068,-37.0797390921018
"pd24","Pd","L5","E/W",1.04614023878999,0.305771942099879,-38.287842716242
"pd25","Pd","P","E/W",-33.2773585597123,22.2694321154719,-32.3248213725773
"pd26","Pd","P","E/W",-20.2405278032856,40.658286914995,-34.8821091697266
"pd27","Pd","L1","E/W",-23.7615747863604,-53.5160463243753,-31.1360680325307
"pd28","Pd","L1","E/W",-25.4250139344185,-74.0358029618867,-28.5107012485503
"pd29","Pd","L2","E/W",-19.2183146190967,-50.2886689633717,-34.6874981161286
"pd3","Pd","L2","E/W",-16.2871526899599,-25.9405656547406,-38.0297652531232
"pd30","Pd","L2","E/W",-27.8013644840995,-56.5056174583853,-32.129445747859
"pd31","Pd","L3","E/W",-8.41550971946284,-4.956546506941,-39.347002723326
"pd32","Pd","L3","E/W",-14.3959844256384,-19.0604047350476,-40.6569384194969
"pd33","Pd","L4","E/W",-4.58609439480288,-17.8585811599452,-40.0224856540536
"pd34","Pd","L4","E/W",-1.73669602350239,-25.9941830382564,-32.3569903855527
"pd35","Pd","L5","E/W",13.8217894259298,24.2045002973168,-36.6710676981168
"pd36","Pd","L5","E/W",11.349655983539,-5.79063869719114,-35.8433906114905
"pd37","Pd","P","E/W",-27.8861955162167,19.0983722449339,-32.817628194918
"pd38","Pd","P","E/W",-24.4415061923988,31.7065068021157,-32.4830963981834
"pd40","Pd","L1","L/Q",8.57197341610004,-15.7599008684481,-38.7236036653022
"pd43","Pd","L1","L/Q",11.656230631769,-1.1509113969644,-41.3812712564037
"pd45","Pd","L2","L/Q",19.2170336856843,-21.4841067620711,-39.9811660859324
"pd46","Pd","L2","L/Q",19.156629537866,-13.974928876727,-38.5959154464368
"pd49","Pd","L2","L/Q",-0.716136773161663,-20.550972832019,-40.3863598947958
"pd5","Pd","L3","E/W",1.7987609221733,-19.6186882367917,-38.9077903261662
"pd51","Pd","L3","L/Q",23.4689651549365,-7.57958173793859,-38.326210366681
"pd52","Pd","L3","L/Q",18.0171476056017,-13.1533982202949,-39.22859391272
"pd55","Pd","L3","L/Q",16.1750162117398,-24.9250221438349,-35.481888056108
"pd56","Pd","L4","L/Q",26.7071874973753,5.04922707650527,-40.6580682720968
"pd57","Pd","L4","L/Q",34.7537961068127,0.207962032864534,-38.5967765485697
"pd58","Pd","L4","L/Q",25.2223911680064,5.41531673159728,-39.0461691975703
"pd6","Pd","L3","E/W",11.8355454588275,-5.92912258729573,-36.988973579674
"pd63","Pd","L5","L/Q",22.8420814056101,14.9857598732348,-37.6795673283577
"pd66","Pd","L5","L/Q",24.3606681564916,25.5118994251753,-35.082785814471
"pd69","Pd","P","L/Q",-16.166192616072,36.697972963082,-33.3427649749808
"pd7","Pd","L4","E/W",8.3486251659287,-10.3488640137807,-37.4977677108805
"pd72","Pd","P","L/Q",-1.59313234891742,40.4495213809234,-33.3096079250679
"pd75","Pd","L1","L/Q",-15.1485401262511,-51.4446080762496,-31.3280366144664
"pd77","Pd","L1","L/Q",-0.318265174342664,-81.9839695507444,-21.9489205936003
"pd8","Pd","L4","E/W",1.12770484981872,-12.0467271986755,-38.1050963422778
"pd80","Pd","L2","L/Q",5.07481190670975,-26.3013086513346,-35.481148603484
"pd84","Pd","L2","L/Q",8.0807185227981,-71.9584228889047,-26.9229101842621
"pd86","Pd","L3","L/Q",-2.61469055915704,-17.5315682255902,-40.5459535638354
"pd87","Pd","L3","L/Q",3.38561342795309,0.734109884150325,-44.7131188807232
"pd9","Pd","L5","E/W",-6.47358062864372,19.9376115371506,-31.9352252984388
"pd93","Pd","L4","L/Q",15.4639695291112,16.7149791611026,-38.3068284235474
"pd95","Pd","L4","L/Q",14.7375924745257,9.17234246384877,-37.4876509397785
"pd98","Pd","L5","L/Q",17.2233736240038,30.9777788958487,-37.9242827971067
"vv154","Vv","L1","E/W",-11.9183286797345,-31.1120810050053,54.6221298308899
"vv155","Vv","L1","E/W",-14.5058695552985,-28.7763293008423,54.7001523257694
"vv156","Vv","L2","E/W",-3.78658537375876,-42.6472911007437,53.3144281252643
"vv158","Vv","L2","E/W",-0.0121987342072243,-31.759786793973,48.8909454996312
"vv160","Vv","L3","E/W",2.31143009928428,10.0331694458137,37.2271971733291
"vv161","Vv","L3","E/W",-0.0372080908748113,9.77671953306726,34.8143935907799
"vv165","Vv","L5","E/W",2.19730874404757,53.4902933358356,31.6083286062499
"vv166","Vv","L5","E/W",0.640434821701076,56.0791816288812,30.8071712641954
"vv168","Vv","P","E/W",-34.7874893498554,45.8644311631615,31.2073097838243
"vv169","Vv","P","E/W",-35.2371177226425,43.8896435913704,31.4197891758573
"vv171","Vv","L1","E/W",-2.24215624957898,-45.6678557977683,55.3720788324547
"vv172","Vv","L1","E/W",-8.2291997309273,-46.366027827067,58.4910265430057
"vv175","Vv","L2","E/W",1.43960910265426,-31.6100080600641,50.7695251319237
"vv176","Vv","L2","E/W",-0.607030916230477,-29.0435092502269,51.1190333252587
"vv181","Vv","L4","E/W",10.582382287772,21.2323835580557,38.2714338503419
"vv183","Vv","L5","E/W",0.275647015215681,55.4775115245772,33.5274895357796
"vv184","Vv","L5","E/W",-1.69827932025012,50.2308084220707,35.2054429236722
"vv187","Vv","P","E/W",-39.5618795368868,30.3517201931128,35.9243037663461
"vv188","Vv","P","E/W",-36.1230991984868,41.4987391599157,33.7573473026838
"vv190","Vv","L1","E/W",-3.6912099633325,-42.99732809085,56.7717430483907
"vv191","Vv","L1","E/W",-8.60711209178081,-41.1646233292111,57.2458204328707
"vv193","Vv","L2","E/W",4.95484257387565,-36.5698136216702,50.1682063768076
"vv194","Vv","L2","E/W",-5.16981011315519,-46.9057254469095,53.541709807452
"vv195","Vv","L3","E/W",1.75279461856303,-17.1725829340398,47.0702983398983
"vv197","Vv","L3","E/W",3.41779186074853,-19.7534998279474,47.3110835966109
"vv199","Vv","L4","E/W",8.26481928875806,14.7324294110742,38.5617037090407
"vv200","Vv","L4","E/W",0.722847177854216,29.3480509049686,35.0806826256506
"vv201","Vv","L5","E/W",3.48781196081756,39.1027762057999,34.7601244461471
"vv202","Vv","L5","E/W",-6.99487463604837,35.8625551513386,31.6712852272471
"vv204","Vv","P","E/W",-16.3744456008262,51.2843195219757,32.1431638518614
"vv205","Vv","P","E/W",-36.4195973876936,32.7879138255796,36.3981705971094
"vv207","Vv","L1","L/Q",-4.68544087285382,-43.2351639559136,55.0087125825276
"vv208","Vv","L1","L/Q",-3.69270319323217,-40.6079210153287,54.166230359791
"vv210","Vv","L2","L/Q",13.6985947449232,-46.4760278657559,56.5588421116051
"vv211","Vv","L2","L/Q",11.977736305997,-40.7088478024384,55.0476520423047
"vv214","Vv","L3","L/Q",11.1631061831271,-33.4766301770125,56.1449488507764
"vv215","Vv","L3","L/Q",12.1646445179296,-9.38221343621493,44.7091375739376
"vv217","Vv","L4","L/Q",18.1921684289486,9.76791901413101,41.8949990405639
"vv218","Vv","L4","L/Q",22.6433127484536,19.1986652675491,41.1059940712439
"vv219","Vv","L5","L/Q",6.98287480482111,34.9011311929403,41.17098335238
"vv220","Vv","L5","L/Q",7.19949408345959,31.2641480921182,38.3872467286354
"vv223","Vv","P","L/Q",-19.6014465270668,38.3204189376587,35.5347440670234
"vv224","Vv","P","L/Q",-13.1098170216391,38.492889418093,37.1886327252791
"vv226","Vv","L1","L/Q",-10.9241980052387,-34.8636826081508,52.3572879323368
"vv227","Vv","L1","L/Q",-3.4069723664032,-35.8808083300598,56.4644051786471
"vv228","Vv","L2","L/Q",16.3272847890048,-1.1138422853352,41.7257341912737
"vv230","Vv","L2","L/Q",10.1182949415937,-33.6099741315978,52.4523561454172
"vv231","Vv","L3","L/Q",12.5564024069144,2.28415853635303,39.8654827079528
"vv232","Vv","L3","L/Q",12.14886754637,7.62424497448677,37.0276607548014
"vv235","Vv","L4","L/Q",19.7598966102688,19.0174482047898,38.9280482000214
"vv236","Vv","L4","L/Q",13.6193509348356,23.9481323238357,36.1169201152226
"vv239","Vv","L5","L/Q",11.3551800405765,23.6116779279563,43.1844344721978
"vv241","Vv","P","L/Q",-6.3990432659934,49.2386697137794,32.1881980304344
"vv242","Vv","P","L/Q",-9.02329151522588,49.8668226101625,34.0751394195005
"vv243","Vv","L1","L/Q",8.22325087595992,-40.4831851009151,49.8347366411088
"vv245","Vv","L1","L/Q",0.908391545027958,-47.1398301777581,53.6162721519602
"vv246","Vv","L2","L/Q",17.9577168825685,-20.2394637166088,45.9001557084903
"vv248","Vv","L2","L/Q",11.0614685652827,3.14696238875702,39.5362005147999
"vv250","Vv","L3","L/Q",19.5146625044799,5.48315788369958,36.7125337762754
"vv251","Vv","L3","L/Q",20.3895870868378,8.14225685108112,36.9686117932603
"vv252","Vv","L4","L/Q",20.8871444216162,22.4478138270375,41.6145641603921
"vv254","Vv","L4","L/Q",20.7993632680641,17.056031348067,40.3293849293577
"vv255","Vv","L5","L/Q",11.0574499620111,33.216956033721,40.9011383101254
"vv257","Vv","L5","L/Q",6.80454054065183,25.6942383918293,43.5449120889579
"vv258","Vv","P","L/Q",-16.924270106258,45.025080903579,33.3406249314763
"vv259","Vv","P","L/Q",-10.0264415090146,51.6336848046461,29.989735272166
