Node	HOG	change	pvalue	direction	significant
19	N0.HOG0000291	-2		contraction	FALSE
19	N0.HOG0000129	-4		contraction	FALSE
19	N0.HOG0000158	4	0.000838375	expansion	TRUE
19	N0.HOG0000003	3	0.0722938	expansion	FALSE
19	N0.HOG0000018	-3	0.12178	contraction	FALSE
19	N0.HOG0000105	1	0.261486	expansion	FALSE
19	N0.HOG0000108	1	0.261486	expansion	FALSE
19	N0.HOG0000050	2	0.279972	expansion	FALSE
19	N0.HOG0000004	-4	0.296856	contraction	FALSE
19	N0.HOG0000101	1	0.328118	expansion	FALSE
19	N0.HOG0000056	1	0.382571	expansion	FALSE
19	N0.HOG0000017	-2	0.461366	contraction	FALSE
19	N0.HOG0000032	1	0.464217	expansion	FALSE
19	N0.HOG0000060	1	0.464217	expansion	FALSE
19	N0.HOG0000022	1	0.495283	expansion	FALSE
19	N0.HOG0000118	-1	0.54912	contraction	FALSE
19	N0.HOG0000049	-1	0.729001	contraction	FALSE
20	N0.HOG0000291	-2		contraction	FALSE
20	N0.HOG0000129	-3		contraction	FALSE
20	N0.HOG0000101	6	0.00287406	expansion	TRUE
20	N0.HOG0000032	7	0.00419161	expansion	TRUE
20	N0.HOG0000158	6	0.00447613	expansion	TRUE
20	N0.HOG0000108	4	0.0154907	expansion	TRUE
20	N0.HOG0000056	4	0.0413745	expansion	TRUE
20	N0.HOG0000105	3	0.0656751	expansion	FALSE
20	N0.HOG0000060	4	0.0754966	expansion	FALSE
20	N0.HOG0000038	2	0.0979145	expansion	FALSE
20	N0.HOG0000951	1	0.113658	expansion	FALSE
20	N0.HOG0000017	-4	0.128378	contraction	FALSE
20	N0.HOG0000049	3	0.163919	expansion	FALSE
20	N0.HOG0000004	-5	0.201209	contraction	FALSE
20	N0.HOG0000050	3	0.203329	expansion	FALSE
20	N0.HOG0000001	1	0.213888	expansion	FALSE
20	N0.HOG0000041	1	0.213888	expansion	FALSE
20	N0.HOG0000047	1	0.213888	expansion	FALSE
20	N0.HOG0000009	1	0.304886	expansion	FALSE
20	N0.HOG0000003	2	0.33037	expansion	FALSE
20	N0.HOG0000096	1	0.376159	expansion	FALSE
20	N0.HOG0000022	1	0.565919	expansion	FALSE
21	N0.HOG0000129	-1		contraction	FALSE
21	N0.HOG0000032	18	1.23381e-07	expansion	TRUE
21	N0.HOG0000101	11	5.91175e-05	expansion	TRUE
21	N0.HOG0000951	6	0.000172209	expansion	TRUE
21	N0.HOG0000047	6	0.000278592	expansion	TRUE
21	N0.HOG0000002	5	0.00115509	expansion	TRUE
21	N0.HOG0000122	3	0.00306604	expansion	TRUE
21	N0.HOG0002570	3	0.00306604	expansion	TRUE
21	N0.HOG0000041	4	0.00460137	expansion	TRUE
21	N0.HOG0000096	4	0.0165151	expansion	TRUE
21	N0.HOG0000001	3	0.0237129	expansion	TRUE
21	N0.HOG0000018	3	0.0449508	expansion	TRUE
21	N0.HOG0000038	3	0.0449508	expansion	TRUE
21	N0.HOG0000050	-5	0.0461354	contraction	TRUE
21	N0.HOG0000056	4	0.0790988	expansion	FALSE
21	N0.HOG0000022	3	0.125944	expansion	FALSE
21	N0.HOG0000060	3	0.160576	expansion	FALSE
21	N0.HOG0000128	2	0.16716	expansion	FALSE
21	N0.HOG0000004	-4	0.210387	contraction	FALSE
21	N0.HOG0000118	1	0.262654	expansion	FALSE
21	N0.HOG0000003	2	0.32601	expansion	FALSE
21	N0.HOG0000009	1	0.329439	expansion	FALSE
21	N0.HOG0000158	2	0.335453	expansion	FALSE
21	N0.HOG0000105	1	0.465574	expansion	FALSE
21	N0.HOG0000108	-1	0.682285	contraction	FALSE
21	N0.HOG0000049	-1	0.751777	contraction	FALSE
22	N0.HOG0000122	6	6.73238e-05	expansion	TRUE
22	N0.HOG0000128	-4	0.00758112	contraction	TRUE
22	N0.HOG0000307	-2	0.0122525	contraction	TRUE
22	N0.HOG0000056	5	0.0183195	expansion	TRUE
22	N0.HOG0000101	6	0.0212828	expansion	TRUE
22	N0.HOG0000009	3	0.0263277	expansion	TRUE
22	N0.HOG0000001	3	0.0390494	expansion	TRUE
22	N0.HOG0000047	-3	0.0462545	contraction	TRUE
22	N0.HOG0000118	-2	0.0487388	contraction	TRUE
22	N0.HOG0000003	3	0.100376	expansion	FALSE
22	N0.HOG0000018	2	0.111168	expansion	FALSE
22	N0.HOG0000060	3	0.111279	expansion	FALSE
22	N0.HOG0000108	-2	0.202054	contraction	FALSE
22	N0.HOG0000032	3	0.276769	expansion	FALSE
22	N0.HOG0000022	-2	0.344834	contraction	FALSE
22	N0.HOG0000017	1	0.349824	expansion	FALSE
22	N0.HOG0000041	1	0.349824	expansion	FALSE
22	N0.HOG0000004	-2	0.395006	contraction	FALSE
22	N0.HOG0000096	1	0.409686	expansion	FALSE
22	N0.HOG0000050	-1	0.637131	contraction	FALSE
22	N0.HOG0000158	-1	0.701351	contraction	FALSE
23	N0.HOG0000017	5	0.000522856	expansion	TRUE
23	N0.HOG0000041	4	0.00381833	expansion	TRUE
23	N0.HOG0000038	3	0.0188247	expansion	TRUE
23	N0.HOG0000096	3	0.0407888	expansion	TRUE
23	N0.HOG0002570	2	0.0486185	expansion	TRUE
23	N0.HOG0000002	2	0.0670651	expansion	FALSE
23	N0.HOG0000951	2	0.0806988	expansion	FALSE
23	N0.HOG0000101	4	0.0841978	expansion	FALSE
23	N0.HOG0000032	3	0.182407	expansion	FALSE
23	N0.HOG0000009	1	0.270723	expansion	FALSE
23	N0.HOG0000122	1	0.319631	expansion	FALSE
23	N0.HOG0000108	-1	0.380003	contraction	FALSE
23	N0.HOG0000003	1	0.443356	expansion	FALSE
23	N0.HOG0000056	1	0.468974	expansion	FALSE
23	N0.HOG0000022	-1	0.55939	contraction	FALSE
23	N0.HOG0000158	-1	0.602774	contraction	FALSE
23	N0.HOG0000004	-1	0.608164	contraction	FALSE
23	N0.HOG0000060	-1	0.653977	contraction	FALSE
24	N0.HOG0000101	-9	2.81461e-05	contraction	TRUE
24	N0.HOG0000060	-5	0.00117028	contraction	TRUE
24	N0.HOG0000122	-4	0.00162547	contraction	TRUE
24	N0.HOG0000118	-2	0.00231199	contraction	TRUE
24	N0.HOG0000108	-2	0.0112413	contraction	TRUE
24	N0.HOG0000096	-3	0.0182076	contraction	TRUE
24	N0.HOG0000038	3	0.0216842	expansion	TRUE
24	N0.HOG0000001	-2	0.0502724	contraction	FALSE
24	N0.HOG0000009	-2	0.0502724	contraction	FALSE
24	N0.HOG0000951	2	0.0723402	expansion	FALSE
24	N0.HOG0000041	2	0.0782351	expansion	FALSE
24	N0.HOG0000047	1	0.16559	expansion	FALSE
24	N0.HOG0002570	1	0.16559	expansion	FALSE
24	N0.HOG0000004	-2	0.166778	contraction	FALSE
24	N0.HOG0000056	-2	0.257724	contraction	FALSE
24	N0.HOG0000002	-1	0.472337	contraction	FALSE
24	N0.HOG0000049	-1	0.513853	contraction	FALSE
24	N0.HOG0000003	-1	0.599357	contraction	FALSE
25	N0.HOG0000050	11	0.000801973	expansion	TRUE
25	N0.HOG0000108	8	0.000943866	expansion	TRUE
25	N0.HOG0000018	-3	0.0308355	contraction	TRUE
25	N0.HOG0000951	-2	0.0517414	contraction	FALSE
25	N0.HOG0000032	-5	0.0630034	contraction	FALSE
25	N0.HOG0000158	4	0.0970054	expansion	FALSE
25	N0.HOG0000049	4	0.103794	expansion	FALSE
25	N0.HOG0000002	-2	0.158494	contraction	FALSE
25	N0.HOG0000047	-2	0.158494	contraction	FALSE
25	N0.HOG0000105	2	0.230267	expansion	FALSE
25	N0.HOG0000096	-2	0.267129	contraction	FALSE
25	N0.HOG0000122	-1	0.269496	contraction	FALSE
25	N0.HOG0002570	-1	0.269496	contraction	FALSE
25	N0.HOG0000128	-2	0.310926	contraction	FALSE
25	N0.HOG0000017	-2	0.348718	contraction	FALSE
25	N0.HOG0000307	-1	0.422707	contraction	FALSE
25	N0.HOG0000101	-2	0.457669	contraction	FALSE
25	N0.HOG0000004	2	0.482813	expansion	FALSE
25	N0.HOG0000001	-1	0.517204	contraction	FALSE
25	N0.HOG0000041	-1	0.517204	contraction	FALSE
25	N0.HOG0000118	-1	0.517204	contraction	FALSE
25	N0.HOG0000003	1	0.611175	expansion	FALSE
25	N0.HOG0000060	1	0.611175	expansion	FALSE
25	N0.HOG0000022	-1	0.736463	contraction	FALSE
25	N0.HOG0000056	-1	0.736463	contraction	FALSE
26	N0.HOG0000129	-1		contraction	FALSE
26	N0.HOG0000032	-7	0.000130021	contraction	TRUE
26	N0.HOG0000108	11	0.000202037	expansion	TRUE
26	N0.HOG0000038	-4	0.000824985	contraction	TRUE
26	N0.HOG0000041	-2	0.0234074	contraction	TRUE
26	N0.HOG0000118	-2	0.0234074	contraction	TRUE
26	N0.HOG0000049	6	0.0258568	expansion	TRUE
26	N0.HOG0000096	-2	0.0514934	contraction	FALSE
26	N0.HOG0000158	5	0.0639934	expansion	FALSE
26	N0.HOG0000050	5	0.0967743	expansion	FALSE
26	N0.HOG0000009	-2	0.156109	contraction	FALSE
26	N0.HOG0000018	-1	0.215339	contraction	FALSE
26	N0.HOG0000047	-1	0.215339	contraction	FALSE
26	N0.HOG0000101	-2	0.334813	contraction	FALSE
26	N0.HOG0000001	-1	0.354352	contraction	FALSE
26	N0.HOG0000060	-2	0.423709	contraction	FALSE
26	N0.HOG0000004	2	0.432382	expansion	FALSE
26	N0.HOG0000022	1	0.48579	expansion	FALSE
26	N0.HOG0000056	1	0.48579	expansion	FALSE
26	N0.HOG0000128	-1	0.514746	contraction	FALSE
26	N0.HOG0000017	-1	0.563706	contraction	FALSE
27	N0.HOG0000017	-4	8.01667e-05	contraction	TRUE
27	N0.HOG0000128	-3	0.00129189	contraction	TRUE
27	N0.HOG0000009	-2	0.0074496	contraction	TRUE
27	N0.HOG0000050	4	0.101086	expansion	FALSE
27	N0.HOG0000105	2	0.112935	expansion	FALSE
27	N0.HOG0000001	-1	0.135862	contraction	FALSE
27	N0.HOG0000002	-1	0.135862	contraction	FALSE
27	N0.HOG0000307	-1	0.135862	contraction	FALSE
27	N0.HOG0000108	3	0.175866	expansion	FALSE
27	N0.HOG0000004	-3	0.222684	contraction	FALSE
27	N0.HOG0000003	-2	0.28671	contraction	FALSE
27	N0.HOG0000032	-1	0.321812	contraction	FALSE
27	N0.HOG0000158	-2	0.420745	contraction	FALSE
27	N0.HOG0000101	-1	0.515682	contraction	FALSE
27	N0.HOG0000022	-1	0.59162	contraction	FALSE
27	N0.HOG0000060	-1	0.610322	contraction	FALSE
28	N0.HOG0000009	1	0.10936	expansion	FALSE
28	N0.HOG0000032	1	0.248431	expansion	FALSE
28	N0.HOG0000060	1	0.303703	expansion	FALSE
28	N0.HOG0000050	1	0.46352	expansion	FALSE
29	N0.HOG0000129	-1		contraction	FALSE
29	N0.HOG0000291	-1		contraction	FALSE
29	N0.HOG0000009	22	3.32516e-14	expansion	TRUE
29	N0.HOG0000038	13	1.27691e-08	expansion	TRUE
29	N0.HOG0000158	17	9.47517e-07	expansion	TRUE
29	N0.HOG0000032	10	0.000151027	expansion	TRUE
29	N0.HOG0000105	9	0.000229222	expansion	TRUE
29	N0.HOG0000096	5	0.000880443	expansion	TRUE
29	N0.HOG0000128	-4	0.00117212	contraction	TRUE
29	N0.HOG0000041	4	0.00164536	expansion	TRUE
29	N0.HOG0000101	7	0.00227611	expansion	TRUE
29	N0.HOG0000017	-4	0.00303641	contraction	TRUE
29	N0.HOG0000050	10	0.0045812	expansion	TRUE
29	N0.HOG0000022	-5	0.00944085	contraction	TRUE
29	N0.HOG0000003	5	0.0436319	expansion	TRUE
29	N0.HOG0000060	4	0.0816621	expansion	FALSE
29	N0.HOG0000002	-1	0.230505	contraction	FALSE
29	N0.HOG0000056	2	0.238777	expansion	FALSE
29	N0.HOG0000004	-3	0.361012	contraction	FALSE
29	N0.HOG0000001	-1	0.374188	contraction	FALSE
29	N0.HOG0000108	2	0.378133	expansion	FALSE
29	N0.HOG0000049	-1	0.774871	contraction	FALSE
30	N0.HOG0000038	10	3.4615e-10	expansion	TRUE
30	N0.HOG0000041	5	1.46356e-06	expansion	TRUE
30	N0.HOG0000158	-3	0.0310724	contraction	TRUE
30	N0.HOG0000001	-1	0.0394406	contraction	TRUE
30	N0.HOG0000108	-2	0.0425549	contraction	TRUE
30	N0.HOG0000101	2	0.0776564	expansion	FALSE
30	N0.HOG0000022	-1	0.142226	contraction	FALSE
30	N0.HOG0000049	1	0.197625	expansion	FALSE
30	N0.HOG0000003	1	0.218354	expansion	FALSE
30	N0.HOG0000009	1	0.29986	expansion	FALSE
30	N0.HOG0000105	-1	0.425855	contraction	FALSE
30	N0.HOG0000050	-1	0.585745	contraction	FALSE
31	N0.HOG0000129	3		expansion	FALSE
31	N0.HOG0000158	-6	0.00132299	contraction	TRUE
31	N0.HOG0000017	3	0.0115822	expansion	TRUE
31	N0.HOG0000128	2	0.0603269	expansion	FALSE
31	N0.HOG0000105	-2	0.179958	contraction	FALSE
31	N0.HOG0000108	-2	0.307762	contraction	FALSE
31	N0.HOG0000038	-1	0.359656	contraction	FALSE
31	N0.HOG0000009	-1	0.410976	contraction	FALSE
31	N0.HOG0000050	-2	0.433128	contraction	FALSE
31	N0.HOG0000004	1	0.531394	expansion	FALSE
31	N0.HOG0000056	-1	0.545201	contraction	FALSE
31	N0.HOG0000101	-1	0.545201	contraction	FALSE
31	N0.HOG0000032	-1	0.587147	contraction	FALSE
31	N0.HOG0000003	-1	0.619694	contraction	FALSE
31	N0.HOG0000049	-1	0.667144	contraction	FALSE
32	N0.HOG0000129	2		expansion	FALSE
32	N0.HOG0000101	-3	0.00286706	contraction	TRUE
32	N0.HOG0000032	-2	0.0415081	contraction	TRUE
32	N0.HOG0000158	-2	0.0431361	contraction	TRUE
32	N0.HOG0000118	1	0.0465956	expansion	TRUE
32	N0.HOG0000041	-1	0.127673	contraction	FALSE
32	N0.HOG0000017	1	0.176739	expansion	FALSE
32	N0.HOG0000096	-1	0.180587	contraction	FALSE
32	N0.HOG0000050	-2	0.258308	contraction	FALSE
32	N0.HOG0000060	1	0.280961	expansion	FALSE
32	N0.HOG0000105	-1	0.340037	contraction	FALSE
32	N0.HOG0000003	-1	0.464044	contraction	FALSE
33	N0.HOG0000129	2		expansion	FALSE
33	N0.HOG0000291	1		expansion	FALSE
33	N0.HOG0000158	-1	0.148143	contraction	FALSE
33	N0.HOG0000951	-1	0.148143	contraction	FALSE
33	N0.HOG0000018	1	0.290297	expansion	FALSE
33	N0.HOG0000004	2	0.355266	expansion	FALSE
33	N0.HOG0000056	-1	0.432497	contraction	FALSE
33	N0.HOG0000017	1	0.434125	expansion	FALSE
33	N0.HOG0000003	-1	0.510121	contraction	FALSE
33	N0.HOG0000032	-1	0.510121	contraction	FALSE
33	N0.HOG0000060	-1	0.510121	contraction	FALSE
33	N0.HOG0000050	-1	0.586627	contraction	FALSE
Ancistrocerus_nigricornis	N0.HOG0000049	-8	0.0321105	contraction	TRUE
Ancistrocerus_nigricornis	N0.HOG0000032	-7	0.0327197	contraction	TRUE
Ancistrocerus_nigricornis	N0.HOG0000101	-5	0.06084	contraction	FALSE
Ancistrocerus_nigricornis	N0.HOG0000018	-4	0.125757	contraction	FALSE
Ancistrocerus_nigricornis	N0.HOG0000017	6	0.142091	expansion	FALSE
Ancistrocerus_nigricornis	N0.HOG0000158	3	0.194885	expansion	FALSE
Ancistrocerus_nigricornis	N0.HOG0000003	4	0.239427	expansion	FALSE
Ancistrocerus_nigricornis	N0.HOG0000096	-3	0.352188	contraction	FALSE
Ancistrocerus_nigricornis	N0.HOG0000108	-3	0.352188	contraction	FALSE
Ancistrocerus_nigricornis	N0.HOG0000060	-4	0.442634	contraction	FALSE
Ancistrocerus_nigricornis	N0.HOG0000050	2	0.464959	expansion	FALSE
Ancistrocerus_nigricornis	N0.HOG0000038	-2	0.62559	contraction	FALSE
Ancistrocerus_nigricornis	N0.HOG0000047	-2	0.62559	contraction	FALSE
Ancistrocerus_nigricornis	N0.HOG0000002	-2	0.707418	contraction	FALSE
Ancistrocerus_nigricornis	N0.HOG0000009	-2	0.707418	contraction	FALSE
Ancistrocerus_nigricornis	N0.HOG0000951	-1	0.75	contraction	FALSE
Ancistrocerus_nigricornis	N0.HOG0000105	-2	0.753714	contraction	FALSE
Ancistrocerus_nigricornis	N0.HOG0000122	-1	0.766156	contraction	FALSE
Ancistrocerus_nigricornis	N0.HOG0000056	-2	0.804737	contraction	FALSE
Ancistrocerus_nigricornis	N0.HOG0000128	-2	0.804737	contraction	FALSE
Ancistrocerus_nigricornis	N0.HOG0000001	-1	0.867478	contraction	FALSE
Ancistrocerus_nigricornis	N0.HOG0000041	-1	0.867478	contraction	FALSE
Ancistrocerus_nigricornis	N0.HOG0000118	-1	0.900193	contraction	FALSE
Anoplius_nigerrimus	N0.HOG0000129	13		expansion	FALSE
Anoplius_nigerrimus	N0.HOG0000291	-3		contraction	FALSE
Anoplius_nigerrimus	N0.HOG0000158	1	0	expansion	TRUE
Anoplius_nigerrimus	N0.HOG0000951	1	0	expansion	TRUE
Anoplius_nigerrimus	N0.HOG0000018	40	5.13569e-09	expansion	TRUE
Anoplius_nigerrimus	N0.HOG0000049	-10	0.010168	contraction	TRUE
Anoplius_nigerrimus	N0.HOG0000004	16	0.0432214	expansion	TRUE
Anoplius_nigerrimus	N0.HOG0000118	5	0.0595703	expansion	FALSE
Anoplius_nigerrimus	N0.HOG0000047	3	0.0859375	expansion	FALSE
Anoplius_nigerrimus	N0.HOG0000307	3	0.0859375	expansion	FALSE
Anoplius_nigerrimus	N0.HOG0000096	3	0.142578	expansion	FALSE
Anoplius_nigerrimus	N0.HOG0000001	2	0.148437	expansion	FALSE
Anoplius_nigerrimus	N0.HOG0000002	2	0.185547	expansion	FALSE
Anoplius_nigerrimus	N0.HOG0000017	6	0.189081	expansion	FALSE
Anoplius_nigerrimus	N0.HOG0000050	-6	0.195996	contraction	FALSE
Anoplius_nigerrimus	N0.HOG0000101	-4	0.203125	contraction	FALSE
Anoplius_nigerrimus	N0.HOG0000038	1	0.25	expansion	FALSE
Anoplius_nigerrimus	N0.HOG0000009	1	0.285156	expansion	FALSE
Anoplius_nigerrimus	N0.HOG0000128	2	0.313751	expansion	FALSE
Anoplius_nigerrimus	N0.HOG0000056	-3	0.488281	contraction	FALSE
Anoplius_nigerrimus	N0.HOG0000060	-3	0.586426	contraction	FALSE
Anoplius_nigerrimus	N0.HOG0000105	-2	0.71875	contraction	FALSE
Anoplius_nigerrimus	N0.HOG0000108	-2	0.71875	contraction	FALSE
Anoplius_nigerrimus	N0.HOG0000032	-2	0.81543	contraction	FALSE
Anoplius_nigerrimus	N0.HOG0000003	-1	0.938477	contraction	FALSE
Dolichovespula_media	N0.HOG0000038	-3	0.00586088	contraction	TRUE
Dolichovespula_media	N0.HOG0000307	2	0.011521	expansion	TRUE
Dolichovespula_media	N0.HOG0000032	5	0.0154024	expansion	TRUE
Dolichovespula_media	N0.HOG0000060	-5	0.0225484	contraction	TRUE
Dolichovespula_media	N0.HOG0000101	4	0.0312566	expansion	TRUE
Dolichovespula_media	N0.HOG0000004	5	0.100773	expansion	FALSE
Dolichovespula_media	N0.HOG0000128	2	0.128967	expansion	FALSE
Dolichovespula_media	N0.HOG0000105	2	0.156048	expansion	FALSE
Dolichovespula_media	N0.HOG0000018	-1	0.20683	contraction	FALSE
Dolichovespula_media	N0.HOG0000022	2	0.206996	expansion	FALSE
Dolichovespula_media	N0.HOG0000003	2	0.272981	expansion	FALSE
Dolichovespula_media	N0.HOG0000050	3	0.276583	expansion	FALSE
Dolichovespula_media	N0.HOG0000001	-1	0.342971	contraction	FALSE
Dolichovespula_media	N0.HOG0000049	1	0.596077	expansion	FALSE
Dolichovespula_media	N0.HOG0000056	-1	0.645596	contraction	FALSE
Dolichovespula_media	N0.HOG0000158	-1	0.686456	contraction	FALSE
Dolichovespula_media	N0.HOG0000108	-1	0.732862	contraction	FALSE
Dolichovespula_saxonica	N0.HOG0000129	2		expansion	FALSE
Dolichovespula_saxonica	N0.HOG0000049	7	0.00200298	expansion	TRUE
Dolichovespula_saxonica	N0.HOG0000022	5	0.00430057	expansion	TRUE
Dolichovespula_saxonica	N0.HOG0000009	-2	0.0460198	contraction	TRUE
Dolichovespula_saxonica	N0.HOG0000004	5	0.0563482	expansion	FALSE
Dolichovespula_saxonica	N0.HOG0000047	1	0.0577101	expansion	FALSE
Dolichovespula_saxonica	N0.HOG0000060	4	0.0629075	expansion	FALSE
Dolichovespula_saxonica	N0.HOG0000038	2	0.0632091	expansion	FALSE
Dolichovespula_saxonica	N0.HOG0000108	-3	0.15304	contraction	FALSE
Dolichovespula_saxonica	N0.HOG0000018	-1	0.16184	contraction	FALSE
Dolichovespula_saxonica	N0.HOG0000307	-1	0.16184	contraction	FALSE
Dolichovespula_saxonica	N0.HOG0000105	-2	0.165005	contraction	FALSE
Dolichovespula_saxonica	N0.HOG0000128	-2	0.165005	contraction	FALSE
Dolichovespula_saxonica	N0.HOG0000056	1	0.373719	expansion	FALSE
Dolichovespula_saxonica	N0.HOG0000101	-1	0.485652	contraction	FALSE
Dolichovespula_saxonica	N0.HOG0000050	-1	0.757042	contraction	FALSE
Dolichovespula_sylvestris	N0.HOG0000129	1		expansion	FALSE
Dolichovespula_sylvestris	N0.HOG0000049	-11	9.20241e-08	contraction	TRUE
Dolichovespula_sylvestris	N0.HOG0000022	-7	6.68802e-06	contraction	TRUE
Dolichovespula_sylvestris	N0.HOG0000118	5	0.000151799	expansion	TRUE
Dolichovespula_sylvestris	N0.HOG0000101	-4	0.000586831	contraction	TRUE
Dolichovespula_sylvestris	N0.HOG0000017	6	0.000910577	expansion	TRUE
Dolichovespula_sylvestris	N0.HOG0000018	2	0.00675339	expansion	TRUE
Dolichovespula_sylvestris	N0.HOG0000032	-4	0.00684181	contraction	TRUE
Dolichovespula_sylvestris	N0.HOG0000096	-2	0.011445	contraction	TRUE
Dolichovespula_sylvestris	N0.HOG0000004	-6	0.0134376	contraction	TRUE
Dolichovespula_sylvestris	N0.HOG0000003	-4	0.0173103	contraction	TRUE
Dolichovespula_sylvestris	N0.HOG0000158	-3	0.0330779	contraction	TRUE
Dolichovespula_sylvestris	N0.HOG0000056	-3	0.0336709	contraction	TRUE
Dolichovespula_sylvestris	N0.HOG0000050	-5	0.0363122	contraction	TRUE
Dolichovespula_sylvestris	N0.HOG0000128	3	0.0364644	expansion	TRUE
Dolichovespula_sylvestris	N0.HOG0000009	1	0.221235	expansion	FALSE
Dolichovespula_sylvestris	N0.HOG0000108	2	0.237497	expansion	FALSE
Mischocyttarus_mexicanus	N0.HOG0000291	-1		contraction	FALSE
Mischocyttarus_mexicanus	N0.HOG0000047	50	3.33818e-22	expansion	TRUE
Mischocyttarus_mexicanus	N0.HOG0000128	37	3.01841e-16	expansion	TRUE
Mischocyttarus_mexicanus	N0.HOG0000118	25	1.73035e-12	expansion	TRUE
Mischocyttarus_mexicanus	N0.HOG0000307	19	8.66038e-11	expansion	TRUE
Mischocyttarus_mexicanus	N0.HOG0000032	24	2.56347e-05	expansion	TRUE
Mischocyttarus_mexicanus	N0.HOG0000022	15	7.64676e-05	expansion	TRUE
Mischocyttarus_mexicanus	N0.HOG0000002	9	0.00191703	expansion	TRUE
Mischocyttarus_mexicanus	N0.HOG0000951	9	0.00326416	expansion	TRUE
Mischocyttarus_mexicanus	N0.HOG0000108	6	0.0135492	expansion	TRUE
Mischocyttarus_mexicanus	N0.HOG0000017	-5	0.0226138	contraction	TRUE
Mischocyttarus_mexicanus	N0.HOG0000038	5	0.0364005	expansion	TRUE
Mischocyttarus_mexicanus	N0.HOG0000041	5	0.0364005	expansion	TRUE
Mischocyttarus_mexicanus	N0.HOG0000122	-3	0.0606701	contraction	FALSE
Mischocyttarus_mexicanus	N0.HOG0000096	5	0.0640766	expansion	FALSE
Mischocyttarus_mexicanus	N0.HOG0002570	3	0.10484	expansion	FALSE
Mischocyttarus_mexicanus	N0.HOG0000158	5	0.109682	expansion	FALSE
Mischocyttarus_mexicanus	N0.HOG0000009	-3	0.145737	contraction	FALSE
Mischocyttarus_mexicanus	N0.HOG0000105	3	0.173402	expansion	FALSE
Mischocyttarus_mexicanus	N0.HOG0000003	-4	0.239027	contraction	FALSE
Mischocyttarus_mexicanus	N0.HOG0000056	-4	0.239027	contraction	FALSE
Mischocyttarus_mexicanus	N0.HOG0000101	4	0.2886	expansion	FALSE
Mischocyttarus_mexicanus	N0.HOG0000001	-2	0.391332	contraction	FALSE
Mischocyttarus_mexicanus	N0.HOG0000060	-3	0.403587	contraction	FALSE
Mischocyttarus_mexicanus	N0.HOG0000050	-2	0.511623	contraction	FALSE
Mischocyttarus_mexicanus	N0.HOG0000004	-2	0.713375	contraction	FALSE
Mischocyttarus_mexicanus	N0.HOG0000018	-1	0.911	contraction	FALSE
Polistes_canadensis	N0.HOG0000291	-1		contraction	FALSE
Polistes_canadensis	N0.HOG0000101	-13	1.73846e-09	contraction	TRUE
Polistes_canadensis	N0.HOG0000158	-9	1.78955e-08	contraction	TRUE
Polistes_canadensis	N0.HOG0000022	-8	8.64442e-08	contraction	TRUE
Polistes_canadensis	N0.HOG0000041	-9	1.56665e-07	contraction	TRUE
Polistes_canadensis	N0.HOG0000032	-14	2.27465e-07	contraction	TRUE
Polistes_canadensis	N0.HOG0000047	-6	1.33788e-06	contraction	TRUE
Polistes_canadensis	N0.HOG0000002	-6	1.68258e-05	contraction	TRUE
Polistes_canadensis	N0.HOG0000018	-6	1.68258e-05	contraction	TRUE
Polistes_canadensis	N0.HOG0000951	-7	2.34185e-05	contraction	TRUE
Polistes_canadensis	N0.HOG0000128	-4	3.98773e-05	contraction	TRUE
Polistes_canadensis	N0.HOG0002570	-5	4.8645e-05	contraction	TRUE
Polistes_canadensis	N0.HOG0000017	-5	0.00186498	contraction	TRUE
Polistes_canadensis	N0.HOG0000049	-4	0.00585572	contraction	TRUE
Polistes_canadensis	N0.HOG0000038	-4	0.00974881	contraction	TRUE
Polistes_canadensis	N0.HOG0000050	-3	0.0189719	contraction	TRUE
Polistes_canadensis	N0.HOG0000105	-2	0.149565	contraction	FALSE
Polistes_canadensis	N0.HOG0000004	-2	0.211706	contraction	FALSE
Polistes_canadensis	N0.HOG0000056	-2	0.325124	contraction	FALSE
Polistes_canadensis	N0.HOG0000003	1	0.464193	expansion	FALSE
Polistes_canadensis	N0.HOG0000060	-1	0.595555	contraction	FALSE
Polistes_dominula	N0.HOG0000291	-1		contraction	FALSE
Polistes_dominula	N0.HOG0000060	11	0.000686053	expansion	TRUE
Polistes_dominula	N0.HOG0000017	-6	0.00110398	contraction	TRUE
Polistes_dominula	N0.HOG0000041	-6	0.00110398	contraction	TRUE
Polistes_dominula	N0.HOG0000096	-6	0.00293701	contraction	TRUE
Polistes_dominula	N0.HOG0000122	6	0.00993387	expansion	TRUE
Polistes_dominula	N0.HOG0000951	-5	0.0134466	contraction	TRUE
Polistes_dominula	N0.HOG0000038	-4	0.022622	contraction	TRUE
Polistes_dominula	N0.HOG0000001	5	0.0228469	expansion	TRUE
Polistes_dominula	N0.HOG0000018	5	0.0228469	expansion	TRUE
Polistes_dominula	N0.HOG0000128	-3	0.0238689	contraction	TRUE
Polistes_dominula	N0.HOG0000002	-4	0.03164	contraction	TRUE
Polistes_dominula	N0.HOG0000056	5	0.0795472	expansion	FALSE
Polistes_dominula	N0.HOG0002570	-2	0.193221	contraction	FALSE
Polistes_dominula	N0.HOG0000047	-2	0.284022	contraction	FALSE
Polistes_dominula	N0.HOG0000022	2	0.312191	expansion	FALSE
Polistes_dominula	N0.HOG0000105	-2	0.353902	contraction	FALSE
Polistes_dominula	N0.HOG0000032	-4	0.358543	contraction	FALSE
Polistes_dominula	N0.HOG0000108	1	0.391303	expansion	FALSE
Polistes_dominula	N0.HOG0000003	2	0.41853	expansion	FALSE
Polistes_dominula	N0.HOG0000009	1	0.503615	expansion	FALSE
Polistes_dominula	N0.HOG0000158	1	0.613455	expansion	FALSE
Polistes_dominula	N0.HOG0000004	1	0.618401	expansion	FALSE
Polistes_dominula	N0.HOG0000050	-1	0.70542	contraction	FALSE
Polistes_dominula	N0.HOG0000101	-1	0.834238	contraction	FALSE
Polistes_exclamans	N0.HOG0000951	35	8.22885e-28	expansion	TRUE
Polistes_exclamans	N0.HOG0000047	26	1.38352e-23	expansion	TRUE
Polistes_exclamans	N0.HOG0000041	28	5.95429e-22	expansion	TRUE
Polistes_exclamans	N0.HOG0002570	19	9.9967e-17	expansion	TRUE
Polistes_exclamans	N0.HOG0000038	21	5.30146e-16	expansion	TRUE
Polistes_exclamans	N0.HOG0000128	14	1.58049e-13	expansion	TRUE
Polistes_exclamans	N0.HOG0000022	17	1.60292e-13	expansion	TRUE
Polistes_exclamans	N0.HOG0000032	17	9.20818e-08	expansion	TRUE
Polistes_exclamans	N0.HOG0000158	11	1.72695e-07	expansion	TRUE
Polistes_exclamans	N0.HOG0000096	-6	3.23473e-05	contraction	TRUE
Polistes_exclamans	N0.HOG0000050	6	0.000178229	expansion	TRUE
Polistes_exclamans	N0.HOG0000105	5	0.000744315	expansion	TRUE
Polistes_exclamans	N0.HOG0000009	-4	0.00125265	contraction	TRUE
Polistes_exclamans	N0.HOG0000017	5	0.00413879	expansion	TRUE
Polistes_exclamans	N0.HOG0000060	-4	0.00766984	contraction	TRUE
Polistes_exclamans	N0.HOG0000122	-3	0.0100946	contraction	TRUE
Polistes_exclamans	N0.HOG0000018	2	0.0904253	expansion	FALSE
Polistes_exclamans	N0.HOG0000049	2	0.118552	expansion	FALSE
Polistes_exclamans	N0.HOG0000001	-2	0.127263	contraction	FALSE
Polistes_exclamans	N0.HOG0000108	-1	0.211883	contraction	FALSE
Polistes_exclamans	N0.HOG0000002	1	0.315935	expansion	FALSE
Polistes_exclamans	N0.HOG0000101	1	0.531162	expansion	FALSE
Polistes_exclamans	N0.HOG0000003	-1	0.659573	contraction	FALSE
Polistes_fuscatus	N0.HOG0000291	1		expansion	FALSE
Polistes_fuscatus	N0.HOG0000101	55	1.23585e-29	expansion	TRUE
Polistes_fuscatus	N0.HOG0000096	42	7.31322e-28	expansion	TRUE
Polistes_fuscatus	N0.HOG0000009	25	8.24222e-17	expansion	TRUE
Polistes_fuscatus	N0.HOG0000122	26	1.18358e-16	expansion	TRUE
Polistes_fuscatus	N0.HOG0000002	14	2.18452e-08	expansion	TRUE
Polistes_fuscatus	N0.HOG0000001	12	2.48735e-07	expansion	TRUE
Polistes_fuscatus	N0.HOG0000017	11	1.11331e-05	expansion	TRUE
Polistes_fuscatus	N0.HOG0000056	11	0.000101563	expansion	TRUE
Polistes_fuscatus	N0.HOG0000060	10	0.000150924	expansion	TRUE
Polistes_fuscatus	N0.HOG0000047	-5	0.000233913	contraction	TRUE
Polistes_fuscatus	N0.HOG0000022	-5	0.00461385	contraction	TRUE
Polistes_fuscatus	N0.HOG0000003	5	0.0443098	expansion	TRUE
Polistes_fuscatus	N0.HOG0000050	-3	0.0563272	contraction	FALSE
Polistes_fuscatus	N0.HOG0000128	-2	0.0576591	contraction	FALSE
Polistes_fuscatus	N0.HOG0000018	3	0.0990055	expansion	FALSE
Polistes_fuscatus	N0.HOG0000004	3	0.104405	expansion	FALSE
Polistes_fuscatus	N0.HOG0000032	5	0.12714	expansion	FALSE
Polistes_fuscatus	N0.HOG0000118	1	0.130381	expansion	FALSE
Polistes_fuscatus	N0.HOG0000041	2	0.232632	expansion	FALSE
Polistes_fuscatus	N0.HOG0002570	1	0.336396	expansion	FALSE
Polistes_fuscatus	N0.HOG0000049	1	0.499743	expansion	FALSE
Polistes_fuscatus	N0.HOG0000105	-1	0.613868	contraction	FALSE
Polistes_fuscatus	N0.HOG0000951	-1	0.675701	contraction	FALSE
Polistes_fuscatus	N0.HOG0000158	-1	0.690932	contraction	FALSE
Tiphia_femorata	N0.HOG0000291	23		expansion	FALSE
Tiphia_femorata	N0.HOG0000129	9		expansion	FALSE
Tiphia_femorata	N0.HOG0000049	23	0.000158805	expansion	TRUE
Tiphia_femorata	N0.HOG0000003	-6	0.0395966	contraction	TRUE
Tiphia_femorata	N0.HOG0000018	-6	0.131733	contraction	FALSE
Tiphia_femorata	N0.HOG0000017	4	0.307177	expansion	FALSE
Tiphia_femorata	N0.HOG0000096	-3	0.488281	contraction	FALSE
Tiphia_femorata	N0.HOG0000050	-4	0.496502	contraction	FALSE
Tiphia_femorata	N0.HOG0000004	4	0.499059	expansion	FALSE
Tiphia_femorata	N0.HOG0000032	-3	0.586426	contraction	FALSE
Tiphia_femorata	N0.HOG0000060	-3	0.586426	contraction	FALSE
Tiphia_femorata	N0.HOG0000001	-2	0.625	contraction	FALSE
Tiphia_femorata	N0.HOG0000038	-2	0.625	contraction	FALSE
Tiphia_femorata	N0.HOG0000047	-2	0.625	contraction	FALSE
Tiphia_femorata	N0.HOG0000022	-3	0.643997	contraction	FALSE
Tiphia_femorata	N0.HOG0000009	-2	0.71875	contraction	FALSE
Tiphia_femorata	N0.HOG0000108	-2	0.71875	contraction	FALSE
Tiphia_femorata	N0.HOG0002570	-1	0.75	contraction	FALSE
Tiphia_femorata	N0.HOG0000056	-2	0.765625	contraction	FALSE
Tiphia_femorata	N0.HOG0000128	-2	0.81543	contraction	FALSE
Tiphia_femorata	N0.HOG0000041	-1	0.875	contraction	FALSE
Tiphia_femorata	N0.HOG0000002	-1	0.90625	contraction	FALSE
Tiphia_femorata	N0.HOG0000105	-1	0.90625	contraction	FALSE
Vespa_crabro	N0.HOG0000158	-12	5.18554e-10	contraction	TRUE
Vespa_crabro	N0.HOG0000105	-6	1.60431e-05	contraction	TRUE
Vespa_crabro	N0.HOG0000101	5	0.000598164	expansion	TRUE
Vespa_crabro	N0.HOG0000047	2	0.000689757	expansion	TRUE
Vespa_crabro	N0.HOG0000050	-6	0.000709147	contraction	TRUE
Vespa_crabro	N0.HOG0000056	-3	0.00371953	contraction	TRUE
Vespa_crabro	N0.HOG0000096	-2	0.0183602	contraction	TRUE
Vespa_crabro	N0.HOG0000032	-3	0.0193738	contraction	TRUE
Vespa_crabro	N0.HOG0000017	-1	0.0543698	contraction	FALSE
Vespa_crabro	N0.HOG0000038	3	0.0642057	expansion	FALSE
Vespa_crabro	N0.HOG0000004	-2	0.152366	contraction	FALSE
Vespa_crabro	N0.HOG0000009	-2	0.230472	contraction	FALSE
Vespa_crabro	N0.HOG0000060	1	0.284649	expansion	FALSE
Vespa_mandarinia	N0.HOG0000041	13	1.2528e-13	expansion	TRUE
Vespa_mandarinia	N0.HOG0000118	7	3.66341e-10	expansion	TRUE
Vespa_mandarinia	N0.HOG0000018	3	2.56365e-05	expansion	TRUE
Vespa_mandarinia	N0.HOG0000009	6	0.000526621	expansion	TRUE
Vespa_mandarinia	N0.HOG0000038	5	0.00276375	expansion	TRUE
Vespa_mandarinia	N0.HOG0000105	3	0.0257421	expansion	TRUE
Vespa_mandarinia	N0.HOG0000047	-1	0.0543698	contraction	FALSE
Vespa_mandarinia	N0.HOG0000307	-1	0.0543698	contraction	FALSE
Vespa_mandarinia	N0.HOG0000004	2	0.0784672	expansion	FALSE
Vespa_mandarinia	N0.HOG0000158	3	0.0901467	expansion	FALSE
Vespa_mandarinia	N0.HOG0000050	3	0.103315	expansion	FALSE
Vespa_mandarinia	N0.HOG0000060	-2	0.142886	contraction	FALSE
Vespa_mandarinia	N0.HOG0000096	1	0.143232	expansion	FALSE
Vespa_mandarinia	N0.HOG0000056	1	0.19066	expansion	FALSE
Vespa_mandarinia	N0.HOG0000032	1	0.318328	expansion	FALSE
Vespa_mandarinia	N0.HOG0000108	-1	0.476324	contraction	FALSE
Vespa_mandarinia	N0.HOG0000101	-1	0.503196	contraction	FALSE
Vespa_velutina	N0.HOG0000291	-1		contraction	FALSE
Vespa_velutina	N0.HOG0000158	23	3.12934e-14	expansion	TRUE
Vespa_velutina	N0.HOG0000105	9	6.36838e-06	expansion	TRUE
Vespa_velutina	N0.HOG0000108	6	0.000800916	expansion	TRUE
Vespa_velutina	N0.HOG0000032	6	0.00151121	expansion	TRUE
Vespa_velutina	N0.HOG0000038	-5	0.00158488	contraction	TRUE
Vespa_velutina	N0.HOG0000118	-2	0.00272523	contraction	TRUE
Vespa_velutina	N0.HOG0000050	7	0.00348811	expansion	TRUE
Vespa_velutina	N0.HOG0000041	-2	0.0284459	contraction	TRUE
Vespa_velutina	N0.HOG0000056	3	0.0315248	expansion	TRUE
Vespa_velutina	N0.HOG0000009	4	0.0515163	expansion	FALSE
Vespa_velutina	N0.HOG0000047	-1	0.0891804	contraction	FALSE
Vespa_velutina	N0.HOG0000307	-1	0.0891804	contraction	FALSE
Vespa_velutina	N0.HOG0000096	2	0.100016	expansion	FALSE
Vespa_velutina	N0.HOG0000060	2	0.148777	expansion	FALSE
Vespa_velutina	N0.HOG0000049	-2	0.225026	contraction	FALSE
Vespa_velutina	N0.HOG0000101	-1	0.591242	contraction	FALSE
Vespula_germanica	N0.HOG0000158	9	0.00189865	expansion	TRUE
Vespula_germanica	N0.HOG0000022	5	0.00777818	expansion	TRUE
Vespula_germanica	N0.HOG0000105	-4	0.01231	contraction	TRUE
Vespula_germanica	N0.HOG0000049	6	0.0271902	expansion	TRUE
Vespula_germanica	N0.HOG0000004	5	0.0719411	expansion	FALSE
Vespula_germanica	N0.HOG0000003	3	0.0961073	expansion	FALSE
Vespula_germanica	N0.HOG0000096	-1	0.172656	contraction	FALSE
Vespula_germanica	N0.HOG0000128	1	0.182914	expansion	FALSE
Vespula_germanica	N0.HOG0000017	1	0.23584	expansion	FALSE
Vespula_germanica	N0.HOG0000108	3	0.240142	expansion	FALSE
Vespula_germanica	N0.HOG0000101	1	0.360373	expansion	FALSE
Vespula_germanica	N0.HOG0000032	-1	0.38479	contraction	FALSE
Vespula_germanica	N0.HOG0000060	1	0.467601	expansion	FALSE
Vespula_germanica	N0.HOG0000050	-1	0.799041	contraction	FALSE
Vespula_pensylvanica	N0.HOG0000291	-1		contraction	FALSE
Vespula_pensylvanica	N0.HOG0000022	-7	2.19467e-09	contraction	TRUE
Vespula_pensylvanica	N0.HOG0000101	-3	0.000508172	contraction	TRUE
Vespula_pensylvanica	N0.HOG0000049	-4	0.00361397	contraction	TRUE
Vespula_pensylvanica	N0.HOG0000158	-3	0.0159624	contraction	TRUE
Vespula_pensylvanica	N0.HOG0000108	2	0.134943	expansion	FALSE
Vespula_pensylvanica	N0.HOG0000056	-1	0.354758	contraction	FALSE
Vespula_pensylvanica	N0.HOG0000060	-1	0.354758	contraction	FALSE
Vespula_pensylvanica	N0.HOG0000003	-1	0.376391	contraction	FALSE
Vespula_pensylvanica	N0.HOG0000004	-1	0.525039	contraction	FALSE
Vespula_vulgaris	N0.HOG0000022	3	0.00492058	expansion	TRUE
Vespula_vulgaris	N0.HOG0000049	3	0.0427519	expansion	TRUE
Vespula_vulgaris	N0.HOG0000096	-1	0.0515309	contraction	FALSE
Vespula_vulgaris	N0.HOG0000158	2	0.0805392	expansion	FALSE
Vespula_vulgaris	N0.HOG0000050	2	0.162542	expansion	FALSE
Vespula_vulgaris	N0.HOG0000004	1	0.305846	expansion	FALSE
Vespula_vulgaris	N0.HOG0000108	-1	0.599498	contraction	FALSE
