focus_node	focus_label	HOG	OG	change	pvalue	msa_file	tree_file	msa_found	tree_found
25	node25_Vespa_crabro-Vespula_vulgaris	N0.HOG0000114	OG0000066	6	2.43212e-08	""	OG0000066_tree.txt	FALSE	TRUE
25	node25_Vespa_crabro-Vespula_vulgaris	N0.HOG0000504	OG0000365	3	8.39423e-05	""	OG0000365_tree.txt	FALSE	TRUE
25	node25_Vespa_crabro-Vespula_vulgaris	N0.HOG0000042	OG0000019	3	0.00101874	""	OG0000019_tree.txt	FALSE	TRUE
25	node25_Vespa_crabro-Vespula_vulgaris	N0.HOG0000155	OG0000091	2	0.00304223	""	OG0000091_tree.txt	FALSE	TRUE
25	node25_Vespa_crabro-Vespula_vulgaris	N0.HOG0000814	OG0000632	2	0.00304223	""	OG0000632_tree.txt	FALSE	TRUE
25	node25_Vespa_crabro-Vespula_vulgaris	N0.HOG0000162	OG0000098	2	0.00695568	""	OG0000098_tree.txt	FALSE	TRUE
25	node25_Vespa_crabro-Vespula_vulgaris	N0.HOG0000442	OG0000312	1	0.0176761	""	OG0000312_tree.txt	FALSE	TRUE
25	node25_Vespa_crabro-Vespula_vulgaris	N0.HOG0000484	OG0000347	1	0.0176761	""	OG0000347_tree.txt	FALSE	TRUE
25	node25_Vespa_crabro-Vespula_vulgaris	N0.HOG0000744	OG0000577	1	0.0176761	""	OG0000577_tree.txt	FALSE	TRUE
25	node25_Vespa_crabro-Vespula_vulgaris	N0.HOG0000794	OG0000618	1	0.0176761	""	OG0000618_tree.txt	FALSE	TRUE
25	node25_Vespa_crabro-Vespula_vulgaris	N0.HOG0000808	OG0000627	1	0.0176761	""	OG0000627_tree.txt	FALSE	TRUE
25	node25_Vespa_crabro-Vespula_vulgaris	N0.HOG0000817	OG0000634	1	0.0176761	""	OG0000634_tree.txt	FALSE	TRUE
25	node25_Vespa_crabro-Vespula_vulgaris	N0.HOG0000854	OG0000665	1	0.0176761	""	OG0000665_tree.txt	FALSE	TRUE
25	node25_Vespa_crabro-Vespula_vulgaris	N0.HOG0001139	OG0000900	1	0.0176761	""	OG0000900_tree.txt	FALSE	TRUE
25	node25_Vespa_crabro-Vespula_vulgaris	N0.HOG0001157	OG0000916	1	0.0176761	""	OG0000916_tree.txt	FALSE	TRUE
25	node25_Vespa_crabro-Vespula_vulgaris	N0.HOG0001246	OG0001001	1	0.0176761	""	OG0001001_tree.txt	FALSE	TRUE
25	node25_Vespa_crabro-Vespula_vulgaris	N0.HOG0001284	OG0001039	1	0.0176761	""	OG0001039_tree.txt	FALSE	TRUE
25	node25_Vespa_crabro-Vespula_vulgaris	N0.HOG0001351	OG0001095	1	0.0176761	""	OG0001095_tree.txt	FALSE	TRUE
25	node25_Vespa_crabro-Vespula_vulgaris	N0.HOG0001384	OG0001125	1	0.0176761	""	OG0001125_tree.txt	FALSE	TRUE
25	node25_Vespa_crabro-Vespula_vulgaris	N0.HOG0010095	OG0009659	1	0.0176761	""	OG0009659_tree.txt	FALSE	TRUE
25	node25_Vespa_crabro-Vespula_vulgaris	N0.HOG0000069	OG0000042	2	0.0330191	""	OG0000042_tree.txt	FALSE	TRUE
25	node25_Vespa_crabro-Vespula_vulgaris	N0.HOG0000094	OG0000047	1	0.0353568	""	OG0000047_tree.txt	FALSE	TRUE
25	node25_Vespa_crabro-Vespula_vulgaris	N0.HOG0000223	OG0000142	1	0.0353568	""	OG0000142_tree.txt	FALSE	TRUE
20	node20_Vespa_crabro-Polistes_dominula	N0.HOG0000058	OG0000034	3	0.000638988	""	OG0000034_tree.txt	FALSE	TRUE
20	node20_Vespa_crabro-Polistes_dominula	N0.HOG0000103	OG0000055	2	0.000699837	""	OG0000055_tree.txt	FALSE	TRUE
20	node20_Vespa_crabro-Polistes_dominula	N0.HOG0000299	OG0000205	2	0.000699837	""	OG0000205_tree.txt	FALSE	TRUE
20	node20_Vespa_crabro-Polistes_dominula	N0.HOG0000470	OG0000334	2	0.000699837	""	OG0000334_tree.txt	FALSE	TRUE
20	node20_Vespa_crabro-Polistes_dominula	N0.HOG0000518	OG0000379	2	0.000699837	""	OG0000379_tree.txt	FALSE	TRUE
20	node20_Vespa_crabro-Polistes_dominula	N0.HOG0000592	OG0000443	2	0.000699837	""	OG0000443_tree.txt	FALSE	TRUE
20	node20_Vespa_crabro-Polistes_dominula	N0.HOG0000639	OG0000485	2	0.000699837	""	OG0000485_tree.txt	FALSE	TRUE
20	node20_Vespa_crabro-Polistes_dominula	N0.HOG0000028	OG0000009	2	0.00774613	""	OG0000009_tree.txt	FALSE	TRUE
20	node20_Vespa_crabro-Polistes_dominula	N0.HOG0000066	OG0000041	1	0.018693	""	OG0000041_tree.txt	FALSE	TRUE
20	node20_Vespa_crabro-Polistes_dominula	N0.HOG0000351	OG0000243	1	0.018693	""	OG0000243_tree.txt	FALSE	TRUE
20	node20_Vespa_crabro-Polistes_dominula	N0.HOG0000382	OG0000265	1	0.018693	""	OG0000265_tree.txt	FALSE	TRUE
20	node20_Vespa_crabro-Polistes_dominula	N0.HOG0000465	OG0000329	1	0.018693	""	OG0000329_tree.txt	FALSE	TRUE
20	node20_Vespa_crabro-Polistes_dominula	N0.HOG0000496	OG0000358	1	0.018693	""	OG0000358_tree.txt	FALSE	TRUE
20	node20_Vespa_crabro-Polistes_dominula	N0.HOG0000504	OG0000365	1	0.018693	""	OG0000365_tree.txt	FALSE	TRUE
20	node20_Vespa_crabro-Polistes_dominula	N0.HOG0000550	OG0000403	1	0.018693	""	OG0000403_tree.txt	FALSE	TRUE
20	node20_Vespa_crabro-Polistes_dominula	N0.HOG0000589	OG0000440	1	0.018693	""	OG0000440_tree.txt	FALSE	TRUE
20	node20_Vespa_crabro-Polistes_dominula	N0.HOG0000633	OG0000479	1	0.018693	""	OG0000479_tree.txt	FALSE	TRUE
20	node20_Vespa_crabro-Polistes_dominula	N0.HOG0000643	OG0000489	1	0.018693	""	OG0000489_tree.txt	FALSE	TRUE
20	node20_Vespa_crabro-Polistes_dominula	N0.HOG0000658	OG0000504	1	0.018693	""	OG0000504_tree.txt	FALSE	TRUE
20	node20_Vespa_crabro-Polistes_dominula	N0.HOG0000666	OG0000510	1	0.018693	""	OG0000510_tree.txt	FALSE	TRUE
20	node20_Vespa_crabro-Polistes_dominula	N0.HOG0000668	OG0000512	1	0.018693	""	OG0000512_tree.txt	FALSE	TRUE
20	node20_Vespa_crabro-Polistes_dominula	N0.HOG0000679	OG0000521	1	0.018693	""	OG0000521_tree.txt	FALSE	TRUE
20	node20_Vespa_crabro-Polistes_dominula	N0.HOG0000690	OG0000529	1	0.018693	""	OG0000529_tree.txt	FALSE	TRUE
20	node20_Vespa_crabro-Polistes_dominula	N0.HOG0000765	OG0000593	1	0.018693	""	OG0000593_tree.txt	FALSE	TRUE
20	node20_Vespa_crabro-Polistes_dominula	N0.HOG0000769	OG0000596	1	0.018693	""	OG0000596_tree.txt	FALSE	TRUE
20	node20_Vespa_crabro-Polistes_dominula	N0.HOG0000770	OG0000597	1	0.018693	""	OG0000597_tree.txt	FALSE	TRUE
20	node20_Vespa_crabro-Polistes_dominula	N0.HOG0000814	OG0000632	1	0.018693	""	OG0000632_tree.txt	FALSE	TRUE
20	node20_Vespa_crabro-Polistes_dominula	N0.HOG0000815	OG0000633	1	0.018693	""	OG0000633_tree.txt	FALSE	TRUE
20	node20_Vespa_crabro-Polistes_dominula	N0.HOG0000841	OG0000654	1	0.018693	""	OG0000654_tree.txt	FALSE	TRUE
20	node20_Vespa_crabro-Polistes_dominula	N0.HOG0000858	OG0000669	1	0.018693	""	OG0000669_tree.txt	FALSE	TRUE
20	node20_Vespa_crabro-Polistes_dominula	N0.HOG0000865	OG0000674	1	0.018693	""	OG0000674_tree.txt	FALSE	TRUE
20	node20_Vespa_crabro-Polistes_dominula	N0.HOG0000881	OG0000683	1	0.018693	""	OG0000683_tree.txt	FALSE	TRUE
20	node20_Vespa_crabro-Polistes_dominula	N0.HOG0000894	OG0000695	1	0.018693	""	OG0000695_tree.txt	FALSE	TRUE
20	node20_Vespa_crabro-Polistes_dominula	N0.HOG0000895	OG0000696	1	0.018693	""	OG0000696_tree.txt	FALSE	TRUE
20	node20_Vespa_crabro-Polistes_dominula	N0.HOG0000901	OG0000702	1	0.018693	""	OG0000702_tree.txt	FALSE	TRUE
20	node20_Vespa_crabro-Polistes_dominula	N0.HOG0000947	OG0000744	1	0.018693	""	OG0000744_tree.txt	FALSE	TRUE
20	node20_Vespa_crabro-Polistes_dominula	N0.HOG0000957	OG0000754	1	0.018693	""	OG0000754_tree.txt	FALSE	TRUE
20	node20_Vespa_crabro-Polistes_dominula	N0.HOG0001035	OG0000815	1	0.018693	""	OG0000815_tree.txt	FALSE	TRUE
20	node20_Vespa_crabro-Polistes_dominula	N0.HOG0001062	OG0000836	1	0.018693	""	OG0000836_tree.txt	FALSE	TRUE
20	node20_Vespa_crabro-Polistes_dominula	N0.HOG0001071	OG0000844	1	0.018693	""	OG0000844_tree.txt	FALSE	TRUE
20	node20_Vespa_crabro-Polistes_dominula	N0.HOG0001142	OG0000903	1	0.018693	""	OG0000903_tree.txt	FALSE	TRUE
20	node20_Vespa_crabro-Polistes_dominula	N0.HOG0001238	OG0000994	1	0.018693	""	OG0000994_tree.txt	FALSE	TRUE
20	node20_Vespa_crabro-Polistes_dominula	N0.HOG0001313	OG0001062	1	0.018693	""	OG0001062_tree.txt	FALSE	TRUE
20	node20_Vespa_crabro-Polistes_dominula	N0.HOG0001360	OG0001103	1	0.018693	""	OG0001103_tree.txt	FALSE	TRUE
20	node20_Vespa_crabro-Polistes_dominula	N0.HOG0001531	OG0001253	1	0.018693	""	OG0001253_tree.txt	FALSE	TRUE
20	node20_Vespa_crabro-Polistes_dominula	N0.HOG0001978	OG0001670	1	0.018693	""	OG0001670_tree.txt	FALSE	TRUE
20	node20_Vespa_crabro-Polistes_dominula	N0.HOG0000019	OG0000006	2	0.0279526	""	OG0000006_tree.txt	FALSE	TRUE
20	node20_Vespa_crabro-Polistes_dominula	N0.HOG0000163	OG0000099	1	0.0373917	""	OG0000099_tree.txt	FALSE	TRUE
20	node20_Vespa_crabro-Polistes_dominula	N0.HOG0000179	OG0000112	1	0.0373917	""	OG0000112_tree.txt	FALSE	TRUE
20	node20_Vespa_crabro-Polistes_dominula	N0.HOG0000203	OG0000124	1	0.0373917	""	OG0000124_tree.txt	FALSE	TRUE
20	node20_Vespa_crabro-Polistes_dominula	N0.HOG0000207	OG0000127	1	0.0373917	""	OG0000127_tree.txt	FALSE	TRUE
20	node20_Vespa_crabro-Polistes_dominula	N0.HOG0000222	OG0000141	1	0.0373917	""	OG0000141_tree.txt	FALSE	TRUE
20	node20_Vespa_crabro-Polistes_dominula	N0.HOG0000262	OG0000173	1	0.0373917	""	OG0000173_tree.txt	FALSE	TRUE
20	node20_Vespa_crabro-Polistes_dominula	N0.HOG0000269	OG0000178	1	0.0373917	""	OG0000178_tree.txt	FALSE	TRUE
20	node20_Vespa_crabro-Polistes_dominula	N0.HOG0000295	OG0000201	1	0.0373917	""	OG0000201_tree.txt	FALSE	TRUE
20	node20_Vespa_crabro-Polistes_dominula	N0.HOG0000499	OG0000361	1	0.0373917	""	OG0000361_tree.txt	FALSE	TRUE
20	node20_Vespa_crabro-Polistes_dominula	N0.HOG0001179	OG0000938	1	0.0373917	""	OG0000938_tree.txt	FALSE	TRUE
21	node21_Polistes_dominula-Mischocyttarus_mexicanus	N0.HOG0000098	OG0000050	6	2.74863e-09	""	OG0000050_tree.txt	FALSE	TRUE
21	node21_Polistes_dominula-Mischocyttarus_mexicanus	N0.HOG0000175	OG0000108	5	1.35118e-08	""	OG0000108_tree.txt	FALSE	TRUE
21	node21_Polistes_dominula-Mischocyttarus_mexicanus	N0.HOG0000228	OG0000147	4	4.40842e-07	""	OG0000147_tree.txt	FALSE	TRUE
21	node21_Polistes_dominula-Mischocyttarus_mexicanus	N0.HOG0000046	OG0000023	4	2.09741e-06	""	OG0000023_tree.txt	FALSE	TRUE
21	node21_Polistes_dominula-Mischocyttarus_mexicanus	N0.HOG0000770	OG0000597	4	2.09741e-06	""	OG0000597_tree.txt	FALSE	TRUE
21	node21_Polistes_dominula-Mischocyttarus_mexicanus	N0.HOG0000733	OG0000567	2	0.000469269	""	OG0000567_tree.txt	FALSE	TRUE
21	node21_Polistes_dominula-Mischocyttarus_mexicanus	N0.HOG0001419	OG0001153	2	0.000469269	""	OG0001153_tree.txt	FALSE	TRUE
21	node21_Polistes_dominula-Mischocyttarus_mexicanus	N0.HOG0000201	OG0000122	2	0.00229019	""	OG0000122_tree.txt	FALSE	TRUE
21	node21_Polistes_dominula-Mischocyttarus_mexicanus	N0.HOG0000061	OG0000037	2	0.00527046	""	OG0000037_tree.txt	FALSE	TRUE
21	node21_Polistes_dominula-Mischocyttarus_mexicanus	N0.HOG0000179	OG0000112	2	0.00527046	""	OG0000112_tree.txt	FALSE	TRUE
21	node21_Polistes_dominula-Mischocyttarus_mexicanus	N0.HOG0000053	OG0000029	1	0.0153106	""	OG0000029_tree.txt	FALSE	TRUE
21	node21_Polistes_dominula-Mischocyttarus_mexicanus	N0.HOG0000145	OG0000085	1	0.0153106	""	OG0000085_tree.txt	FALSE	TRUE
21	node21_Polistes_dominula-Mischocyttarus_mexicanus	N0.HOG0000266	OG0000177	1	0.0153106	""	OG0000177_tree.txt	FALSE	TRUE
21	node21_Polistes_dominula-Mischocyttarus_mexicanus	N0.HOG0000353	OG0000245	1	0.0153106	""	OG0000245_tree.txt	FALSE	TRUE
21	node21_Polistes_dominula-Mischocyttarus_mexicanus	N0.HOG0000354	OG0000246	1	0.0153106	""	OG0000246_tree.txt	FALSE	TRUE
21	node21_Polistes_dominula-Mischocyttarus_mexicanus	N0.HOG0000594	OG0000444	1	0.0153106	""	OG0000444_tree.txt	FALSE	TRUE
21	node21_Polistes_dominula-Mischocyttarus_mexicanus	N0.HOG0000849	OG0000660	1	0.0153106	""	OG0000660_tree.txt	FALSE	TRUE
21	node21_Polistes_dominula-Mischocyttarus_mexicanus	N0.HOG0000898	OG0000699	1	0.0153106	""	OG0000699_tree.txt	FALSE	TRUE
21	node21_Polistes_dominula-Mischocyttarus_mexicanus	N0.HOG0000920	OG0000721	1	0.0153106	""	OG0000721_tree.txt	FALSE	TRUE
21	node21_Polistes_dominula-Mischocyttarus_mexicanus	N0.HOG0000922	OG0000722	1	0.0153106	""	OG0000722_tree.txt	FALSE	TRUE
21	node21_Polistes_dominula-Mischocyttarus_mexicanus	N0.HOG0000935	OG0000733	1	0.0153106	""	OG0000733_tree.txt	FALSE	TRUE
21	node21_Polistes_dominula-Mischocyttarus_mexicanus	N0.HOG0000942	OG0000739	1	0.0153106	""	OG0000739_tree.txt	FALSE	TRUE
21	node21_Polistes_dominula-Mischocyttarus_mexicanus	N0.HOG0000998	OG0000781	1	0.0153106	""	OG0000781_tree.txt	FALSE	TRUE
21	node21_Polistes_dominula-Mischocyttarus_mexicanus	N0.HOG0001107	OG0000873	1	0.0153106	""	OG0000873_tree.txt	FALSE	TRUE
21	node21_Polistes_dominula-Mischocyttarus_mexicanus	N0.HOG0001115	OG0000879	1	0.0153106	""	OG0000879_tree.txt	FALSE	TRUE
21	node21_Polistes_dominula-Mischocyttarus_mexicanus	N0.HOG0001150	OG0000910	1	0.0153106	""	OG0000910_tree.txt	FALSE	TRUE
21	node21_Polistes_dominula-Mischocyttarus_mexicanus	N0.HOG0001159	OG0000918	1	0.0153106	""	OG0000918_tree.txt	FALSE	TRUE
21	node21_Polistes_dominula-Mischocyttarus_mexicanus	N0.HOG0001160	OG0000919	1	0.0153106	""	OG0000919_tree.txt	FALSE	TRUE
21	node21_Polistes_dominula-Mischocyttarus_mexicanus	N0.HOG0001161	OG0000920	1	0.0153106	""	OG0000920_tree.txt	FALSE	TRUE
21	node21_Polistes_dominula-Mischocyttarus_mexicanus	N0.HOG0001200	OG0000958	1	0.0153106	""	OG0000958_tree.txt	FALSE	TRUE
21	node21_Polistes_dominula-Mischocyttarus_mexicanus	N0.HOG0001230	OG0000986	1	0.0153106	""	OG0000986_tree.txt	FALSE	TRUE
21	node21_Polistes_dominula-Mischocyttarus_mexicanus	N0.HOG0001322	OG0001068	1	0.0153106	""	OG0001068_tree.txt	FALSE	TRUE
21	node21_Polistes_dominula-Mischocyttarus_mexicanus	N0.HOG0001423	OG0001157	1	0.0153106	""	OG0001157_tree.txt	FALSE	TRUE
21	node21_Polistes_dominula-Mischocyttarus_mexicanus	N0.HOG0001481	OG0001206	1	0.0153106	""	OG0001206_tree.txt	FALSE	TRUE
21	node21_Polistes_dominula-Mischocyttarus_mexicanus	N0.HOG0001566	OG0001287	1	0.0153106	""	OG0001287_tree.txt	FALSE	TRUE
21	node21_Polistes_dominula-Mischocyttarus_mexicanus	N0.HOG0001589	OG0001309	1	0.0153106	""	OG0001309_tree.txt	FALSE	TRUE
21	node21_Polistes_dominula-Mischocyttarus_mexicanus	N0.HOG0001933	OG0001625	1	0.0153106	""	OG0001625_tree.txt	FALSE	TRUE
21	node21_Polistes_dominula-Mischocyttarus_mexicanus	N0.HOG0002239	OG0001922	1	0.0153106	""	OG0001922_tree.txt	FALSE	TRUE
21	node21_Polistes_dominula-Mischocyttarus_mexicanus	N0.HOG0006059	OG0005664	1	0.0153106	""	OG0005664_tree.txt	FALSE	TRUE
21	node21_Polistes_dominula-Mischocyttarus_mexicanus	N0.HOG0000125	OG0000076	1	0.0306238	""	OG0000076_tree.txt	FALSE	TRUE
21	node21_Polistes_dominula-Mischocyttarus_mexicanus	N0.HOG0000235	OG0000153	1	0.0306238	""	OG0000153_tree.txt	FALSE	TRUE
21	node21_Polistes_dominula-Mischocyttarus_mexicanus	N0.HOG0000274	OG0000183	1	0.0306238	""	OG0000183_tree.txt	FALSE	TRUE
21	node21_Polistes_dominula-Mischocyttarus_mexicanus	N0.HOG0000350	OG0000242	1	0.0306238	""	OG0000242_tree.txt	FALSE	TRUE
21	node21_Polistes_dominula-Mischocyttarus_mexicanus	N0.HOG0000382	OG0000265	1	0.0306238	""	OG0000265_tree.txt	FALSE	TRUE
21	node21_Polistes_dominula-Mischocyttarus_mexicanus	N0.HOG0000947	OG0000744	1	0.0306238	""	OG0000744_tree.txt	FALSE	TRUE
21	node21_Polistes_dominula-Mischocyttarus_mexicanus	N0.HOG0000236	OG0000154	1	0.0458698	""	OG0000154_tree.txt	FALSE	TRUE
21	node21_Polistes_dominula-Mischocyttarus_mexicanus	N0.HOG0000373	OG0000258	1	0.0458698	""	OG0000258_tree.txt	FALSE	TRUE
