FamilyID	TaxonID	Count	Change	Pvalue
N0.HOG0000001	22	9	3	0.0390494
N0.HOG0000001	30	0	-1	0.0394406
N0.HOG0000001	Ancistrocerus_nigricornis	1	-1	0.867478
N0.HOG0000001	Polistes_fuscatus	21	12	2.48735e-07
N0.HOG0000001	24	7	-2	0.0502724
N0.HOG0000001	20	3	1	0.213888
N0.HOG0000001	21	6	3	0.0237129
N0.HOG0000001	27	0	-1	0.135862
N0.HOG0000001	Mischocyttarus_mexicanus	4	-2	0.391332
N0.HOG0000001	Polistes_exclamans	5	-2	0.127263
N0.HOG0000001	29	1	-1	0.374188
N0.HOG0000001	Polistes_dominula	14	5	0.0228469
N0.HOG0000001	Tiphia_femorata	0	-2	0.625
N0.HOG0000001	Dolichovespula_media	1	-1	0.342971
N0.HOG0000001	25	2	-1	0.517204
N0.HOG0000001	26	1	-1	0.354352
N0.HOG0000001	Anoplius_nigerrimus	4	2	0.148437
N0.HOG0000001	Polistes_canadensis	7	0	0.797277
N0.HOG0000001	23	9	0	0.81572
N0.HOG0000001	19	2	0	0.756021
N0.HOG0000001	Vespula_pensylvanica	0	0	0.5
N0.HOG0000001	Vespula_germanica	1	0	0.617734
N0.HOG0000001	33	2	0	0.656683
N0.HOG0000001	31	2	0	0.645926
N0.HOG0000001	32	2	0	0.58505
N0.HOG0000001	Dolichovespula_sylvestris	2	0	0.685397
N0.HOG0000001	Vespula_vulgaris	0	0	0.5
N0.HOG0000001	Vespa_crabro	0	0	0.5
N0.HOG0000001	Dolichovespula_saxonica	2	0	0.685397
N0.HOG0000001	Vespa_mandarinia	0	0	0.5
N0.HOG0000001	28	2	0	0.599384
N0.HOG0000001	Vespa_velutina	1	0	0.560095
N0.HOG0000002	22	8	0	0.854507
N0.HOG0000002	30	0	0	0.5
N0.HOG0000002	Ancistrocerus_nigricornis	1	-2	0.707418
N0.HOG0000002	Polistes_fuscatus	24	14	2.18452e-08
N0.HOG0000002	24	9	-1	0.472337
N0.HOG0000002	20	3	0	0.830568
N0.HOG0000002	21	8	5	0.00115509
N0.HOG0000002	27	0	-1	0.135862
N0.HOG0000002	Mischocyttarus_mexicanus	17	9	0.00191703
N0.HOG0000002	Polistes_exclamans	10	1	0.315935
N0.HOG0000002	29	0	-1	0.230505
N0.HOG0000002	Polistes_dominula	4	-4	0.03164
N0.HOG0000002	Tiphia_femorata	2	-1	0.90625
N0.HOG0000002	Dolichovespula_media	1	0	0.64182
N0.HOG0000002	25	1	-2	0.158494
N0.HOG0000002	26	1	0	0.647868
N0.HOG0000002	Anoplius_nigerrimus	5	2	0.185547
N0.HOG0000002	Polistes_canadensis	3	-6	1.68258e-05
N0.HOG0000002	23	10	2	0.0670651
N0.HOG0000002	19	3	0	0.806433
N0.HOG0000002	Vespula_pensylvanica	0	0	0.5
N0.HOG0000002	Vespula_germanica	1	0	0.617734
N0.HOG0000002	33	3	0	0.706445
N0.HOG0000002	31	1	0	0.582988
N0.HOG0000002	32	1	0	0.545594
N0.HOG0000002	Dolichovespula_sylvestris	1	0	0.610176
N0.HOG0000002	Vespula_vulgaris	0	0	0.5
N0.HOG0000002	Vespa_crabro	0	0	0.5
N0.HOG0000002	Dolichovespula_saxonica	1	0	0.610176
N0.HOG0000002	Vespa_mandarinia	0	0	0.5
N0.HOG0000002	28	1	0	0.553981
N0.HOG0000002	Vespa_velutina	0	0	0.5
N0.HOG0000003	22	17	3	0.100376
N0.HOG0000003	30	19	1	0.218354
N0.HOG0000003	Ancistrocerus_nigricornis	14	4	0.239427
N0.HOG0000003	Polistes_fuscatus	23	5	0.0443098
N0.HOG0000003	24	17	-1	0.599357
N0.HOG0000003	20	12	2	0.33037
N0.HOG0000003	21	14	2	0.32601
N0.HOG0000003	27	11	-2	0.28671
N0.HOG0000003	Mischocyttarus_mexicanus	10	-4	0.239027
N0.HOG0000003	Polistes_exclamans	16	-1	0.659573
N0.HOG0000003	29	18	5	0.0436319
N0.HOG0000003	Polistes_dominula	19	2	0.41853
N0.HOG0000003	Tiphia_femorata	0	-6	0.0395966
N0.HOG0000003	Dolichovespula_media	14	2	0.272981
N0.HOG0000003	25	13	1	0.611175
N0.HOG0000003	26	13	0	0.90829
N0.HOG0000003	Anoplius_nigerrimus	5	-1	0.938477
N0.HOG0000003	Polistes_canadensis	18	1	0.464193
N0.HOG0000003	23	18	1	0.443356
N0.HOG0000003	19	10	3	0.0722938
N0.HOG0000003	Vespula_pensylvanica	10	-1	0.376391
N0.HOG0000003	Vespula_germanica	16	3	0.0961073
N0.HOG0000003	33	6	-1	0.510121
N0.HOG0000003	31	12	-1	0.619694
N0.HOG0000003	32	11	-1	0.464044
N0.HOG0000003	Dolichovespula_sylvestris	7	-4	0.0173103
N0.HOG0000003	Vespula_vulgaris	11	0	0.738335
N0.HOG0000003	Vespa_crabro	19	0	0.813831
N0.HOG0000003	Dolichovespula_saxonica	11	0	0.876757
N0.HOG0000003	Vespa_mandarinia	19	0	0.813831
N0.HOG0000003	28	13	0	0.818468
N0.HOG0000003	Vespa_velutina	18	0	0.861094
N0.HOG0000004	22	14	-2	0.395006
N0.HOG0000004	30	19	0	0.772835
N0.HOG0000004	Ancistrocerus_nigricornis	25	0	0.848076
N0.HOG0000004	Polistes_fuscatus	16	3	0.104405
N0.HOG0000004	24	11	-2	0.166778
N0.HOG0000004	20	20	-5	0.201209
N0.HOG0000004	21	16	-4	0.210387
N0.HOG0000004	27	21	-3	0.222684
N0.HOG0000004	Mischocyttarus_mexicanus	14	-2	0.713375
N0.HOG0000004	Polistes_exclamans	11	0	0.845735
N0.HOG0000004	29	19	-3	0.361012
N0.HOG0000004	Polistes_dominula	15	1	0.618401
N0.HOG0000004	Tiphia_femorata	35	4	0.499059
N0.HOG0000004	Dolichovespula_media	28	5	0.100773
N0.HOG0000004	25	22	2	0.482813
N0.HOG0000004	26	24	2	0.432382
N0.HOG0000004	Anoplius_nigerrimus	47	16	0.0432214
N0.HOG0000004	Polistes_canadensis	9	-2	0.211706
N0.HOG0000004	23	13	-1	0.608164
N0.HOG0000004	19	25	-4	0.296856
N0.HOG0000004	Vespula_pensylvanica	20	-1	0.525039
N0.HOG0000004	Vespula_germanica	29	5	0.0719411
N0.HOG0000004	33	31	2	0.355266
N0.HOG0000004	31	23	1	0.531394
N0.HOG0000004	32	23	0	0.856432
N0.HOG0000004	Dolichovespula_sylvestris	17	-6	0.0134376
N0.HOG0000004	Vespula_vulgaris	22	1	0.305846
N0.HOG0000004	Vespa_crabro	17	-2	0.152366
N0.HOG0000004	Dolichovespula_saxonica	28	5	0.0563482
N0.HOG0000004	Vespa_mandarinia	21	2	0.0784672
N0.HOG0000004	28	22	0	0.867702
N0.HOG0000004	Vespa_velutina	19	0	0.865448
N0.HOG0000009	22	8	3	0.0263277
N0.HOG0000009	30	28	1	0.29986
N0.HOG0000009	Ancistrocerus_nigricornis	1	-2	0.707418
N0.HOG0000009	Polistes_fuscatus	34	25	8.24222e-17
N0.HOG0000009	24	7	-2	0.0502724
N0.HOG0000009	20	4	1	0.304886
N0.HOG0000009	21	5	1	0.329439
N0.HOG0000009	27	0	-2	0.0074496
N0.HOG0000009	Mischocyttarus_mexicanus	2	-3	0.145737
N0.HOG0000009	Polistes_exclamans	3	-4	0.00125265
N0.HOG0000009	29	27	22	3.32516e-14
N0.HOG0000009	Polistes_dominula	9	1	0.503615
N0.HOG0000009	Tiphia_femorata	1	-2	0.71875
N0.HOG0000009	Dolichovespula_media	4	0	0.813684
N0.HOG0000009	25	4	0	0.852187
N0.HOG0000009	26	2	-2	0.156109
N0.HOG0000009	Anoplius_nigerrimus	4	1	0.285156
N0.HOG0000009	Polistes_canadensis	7	0	0.797277
N0.HOG0000009	23	9	1	0.270723
N0.HOG0000009	19	3	0	0.806433
N0.HOG0000009	Vespula_pensylvanica	0	0	0.5
N0.HOG0000009	Vespula_germanica	2	0	0.69568
N0.HOG0000009	33	3	0	0.706445
N0.HOG0000009	31	4	-1	0.410976
N0.HOG0000009	32	4	0	0.649061
N0.HOG0000009	Dolichovespula_sylvestris	5	1	0.221235
N0.HOG0000009	Vespula_vulgaris	0	0	0.5
N0.HOG0000009	Vespa_crabro	26	-2	0.230472
N0.HOG0000009	Dolichovespula_saxonica	2	-2	0.0460198
N0.HOG0000009	Vespa_mandarinia	34	6	0.000526621
N0.HOG0000009	28	5	1	0.10936
N0.HOG0000009	Vespa_velutina	31	4	0.0515163
N0.HOG0000017	22	8	1	0.349824
N0.HOG0000017	30	1	0	0.526413
N0.HOG0000017	Ancistrocerus_nigricornis	17	6	0.142091
N0.HOG0000017	Polistes_fuscatus	24	11	1.11331e-05
N0.HOG0000017	24	13	0	0.822771
N0.HOG0000017	20	7	-4	0.128378
N0.HOG0000017	21	7	0	0.883141
N0.HOG0000017	27	0	-4	8.01667e-05
N0.HOG0000017	Mischocyttarus_mexicanus	2	-5	0.0226138
N0.HOG0000017	Polistes_exclamans	18	5	0.00413879
N0.HOG0000017	29	1	-4	0.00303641
N0.HOG0000017	Polistes_dominula	2	-6	0.00110398
N0.HOG0000017	Tiphia_femorata	18	4	0.307177
N0.HOG0000017	Dolichovespula_media	8	0	0.876697
N0.HOG0000017	25	5	-2	0.348718
N0.HOG0000017	26	4	-1	0.563706
N0.HOG0000017	Anoplius_nigerrimus	20	6	0.189081
N0.HOG0000017	Polistes_canadensis	8	-5	0.00186498
N0.HOG0000017	23	13	5	0.000522856
N0.HOG0000017	19	11	-2	0.461366
N0.HOG0000017	Vespula_pensylvanica	0	0	0.5
N0.HOG0000017	Vespula_germanica	5	1	0.23584
N0.HOG0000017	33	14	1	0.434125
N0.HOG0000017	31	8	3	0.0115822
N0.HOG0000017	32	9	1	0.176739
N0.HOG0000017	Dolichovespula_sylvestris	15	6	0.000910577
N0.HOG0000017	Vespula_vulgaris	0	0	0.5
N0.HOG0000017	Vespa_crabro	0	-1	0.0543698
N0.HOG0000017	Dolichovespula_saxonica	9	0	0.861526
N0.HOG0000017	Vespa_mandarinia	1	0	0.536477
N0.HOG0000017	28	5	0	0.697862
N0.HOG0000017	Vespa_velutina	1	0	0.560095
N0.HOG0000018	22	9	2	0.111168
N0.HOG0000018	30	1	0	0.526413
N0.HOG0000018	Ancistrocerus_nigricornis	0	-4	0.125757
N0.HOG0000018	Polistes_fuscatus	12	3	0.0990055
N0.HOG0000018	24	9	0	0.7795
N0.HOG0000018	20	4	0	0.85738
N0.HOG0000018	21	7	3	0.0449508
N0.HOG0000018	27	0	0	0.5
N0.HOG0000018	Mischocyttarus_mexicanus	6	-1	0.911
N0.HOG0000018	Polistes_exclamans	11	2	0.0904253
N0.HOG0000018	29	1	0	0.658705
N0.HOG0000018	Polistes_dominula	14	5	0.0228469
N0.HOG0000018	Tiphia_femorata	2	-6	0.131733
N0.HOG0000018	Dolichovespula_media	0	-1	0.20683
N0.HOG0000018	25	1	-3	0.0308355
N0.HOG0000018	26	0	-1	0.215339
N0.HOG0000018	Anoplius_nigerrimus	48	40	5.13569e-09
N0.HOG0000018	Polistes_canadensis	3	-6	1.68258e-05
N0.HOG0000018	23	9	0	0.81572
N0.HOG0000018	19	4	-3	0.12178
N0.HOG0000018	Vespula_pensylvanica	0	0	0.5
N0.HOG0000018	Vespula_germanica	0	0	0.5
N0.HOG0000018	33	8	1	0.290297
N0.HOG0000018	31	1	0	0.582988
N0.HOG0000018	32	1	0	0.545594
N0.HOG0000018	Dolichovespula_sylvestris	3	2	0.00675339
N0.HOG0000018	Vespula_vulgaris	0	0	0.5
N0.HOG0000018	Vespa_crabro	1	0	0.536477
N0.HOG0000018	Dolichovespula_saxonica	0	-1	0.16184
N0.HOG0000018	Vespa_mandarinia	4	3	2.56365e-05
N0.HOG0000018	28	1	0	0.553981
N0.HOG0000018	Vespa_velutina	1	0	0.560095
N0.HOG0000022	22	11	-2	0.344834
N0.HOG0000022	30	3	-1	0.142226
N0.HOG0000022	Ancistrocerus_nigricornis	9	0	0.742374
N0.HOG0000022	Polistes_fuscatus	5	-5	0.00461385
N0.HOG0000022	24	10	0	0.792564
N0.HOG0000022	20	10	1	0.565919
N0.HOG0000022	21	13	3	0.125944
N0.HOG0000022	27	9	-1	0.59162
N0.HOG0000022	Mischocyttarus_mexicanus	28	15	7.64676e-05
N0.HOG0000022	Polistes_exclamans	27	17	1.60292e-13
N0.HOG0000022	29	4	-5	0.00944085
N0.HOG0000022	Polistes_dominula	13	2	0.312191
N0.HOG0000022	Tiphia_femorata	5	-3	0.643997
N0.HOG0000022	Dolichovespula_media	11	2	0.206996
N0.HOG0000022	25	9	-1	0.736463
N0.HOG0000022	26	10	1	0.48579
N0.HOG0000022	Anoplius_nigerrimus	8	0	0.741432
N0.HOG0000022	Polistes_canadensis	2	-8	8.64442e-08
N0.HOG0000022	23	10	-1	0.55939
N0.HOG0000022	19	9	1	0.495283
N0.HOG0000022	Vespula_pensylvanica	2	-7	2.19467e-09
N0.HOG0000022	Vespula_germanica	15	5	0.00777818
N0.HOG0000022	33	8	0	0.828316
N0.HOG0000022	31	9	0	0.830589
N0.HOG0000022	32	9	0	0.750785
N0.HOG0000022	Dolichovespula_sylvestris	2	-7	6.68802e-06
N0.HOG0000022	Vespula_vulgaris	12	3	0.00492058
N0.HOG0000022	Vespa_crabro	3	0	0.598077
N0.HOG0000022	Dolichovespula_saxonica	14	5	0.00430057
N0.HOG0000022	Vespa_mandarinia	3	0	0.598077
N0.HOG0000022	28	9	0	0.774495
N0.HOG0000022	Vespa_velutina	4	0	0.684591
N0.HOG0000032	22	36	3	0.276769
N0.HOG0000032	30	21	0	0.785452
N0.HOG0000032	Ancistrocerus_nigricornis	1	-7	0.0327197
N0.HOG0000032	Polistes_fuscatus	44	5	0.12714
N0.HOG0000032	24	39	0	0.905915
N0.HOG0000032	20	15	7	0.00419161
N0.HOG0000032	21	33	18	1.23381e-07
N0.HOG0000032	27	2	-1	0.321812
N0.HOG0000032	Mischocyttarus_mexicanus	57	24	2.56347e-05
N0.HOG0000032	Polistes_exclamans	56	17	9.20818e-08
N0.HOG0000032	29	21	10	0.000151027
N0.HOG0000032	Polistes_dominula	32	-4	0.358543
N0.HOG0000032	Tiphia_femorata	3	-3	0.586426
N0.HOG0000032	Dolichovespula_media	15	5	0.0154024
N0.HOG0000032	25	10	-5	0.0630034
N0.HOG0000032	26	3	-7	0.000130021
N0.HOG0000032	Anoplius_nigerrimus	4	-2	0.81543
N0.HOG0000032	Polistes_canadensis	25	-14	2.27465e-07
N0.HOG0000032	23	39	3	0.182407
N0.HOG0000032	19	8	1	0.464217
N0.HOG0000032	Vespula_pensylvanica	2	0	0.56558
N0.HOG0000032	Vespula_germanica	2	-1	0.38479
N0.HOG0000032	33	6	-1	0.510121
N0.HOG0000032	31	10	-1	0.587147
N0.HOG0000032	32	8	-2	0.0415081
N0.HOG0000032	Dolichovespula_sylvestris	4	-4	0.00684181
N0.HOG0000032	Vespula_vulgaris	2	0	0.56558
N0.HOG0000032	Vespa_crabro	18	-3	0.0193738
N0.HOG0000032	Dolichovespula_saxonica	8	0	0.851475
N0.HOG0000032	Vespa_mandarinia	22	1	0.318328
N0.HOG0000032	28	11	1	0.248431
N0.HOG0000032	Vespa_velutina	27	6	0.00151121
N0.HOG0000038	22	7	0	0.842345
N0.HOG0000038	30	27	10	3.4615e-10
N0.HOG0000038	Ancistrocerus_nigricornis	0	-2	0.62559
N0.HOG0000038	Polistes_fuscatus	10	0	0.879666
N0.HOG0000038	24	13	3	0.0216842
N0.HOG0000038	20	4	2	0.0979145
N0.HOG0000038	21	7	3	0.0449508
N0.HOG0000038	27	0	0	0.5
N0.HOG0000038	Mischocyttarus_mexicanus	12	5	0.0364005
N0.HOG0000038	Polistes_exclamans	34	21	5.30146e-16
N0.HOG0000038	29	17	13	1.27691e-08
N0.HOG0000038	Polistes_dominula	3	-4	0.022622
N0.HOG0000038	Tiphia_femorata	0	-2	0.625
N0.HOG0000038	Dolichovespula_media	0	-3	0.00586088
N0.HOG0000038	25	4	0	0.852187
N0.HOG0000038	26	0	-4	0.000824985
N0.HOG0000038	Anoplius_nigerrimus	3	1	0.25
N0.HOG0000038	Polistes_canadensis	9	-4	0.00974881
N0.HOG0000038	23	10	3	0.0188247
N0.HOG0000038	19	2	0	0.756021
N0.HOG0000038	Vespula_pensylvanica	0	0	0.5
N0.HOG0000038	Vespula_germanica	0	0	0.5
N0.HOG0000038	33	2	0	0.656683
N0.HOG0000038	31	3	-1	0.359656
N0.HOG0000038	32	3	0	0.619281
N0.HOG0000038	Dolichovespula_sylvestris	3	0	0.737853
N0.HOG0000038	Vespula_vulgaris	0	0	0.5
N0.HOG0000038	Vespa_crabro	30	3	0.0642057
N0.HOG0000038	Dolichovespula_saxonica	5	2	0.0632091
N0.HOG0000038	Vespa_mandarinia	32	5	0.00276375
N0.HOG0000038	28	4	0	0.670207
N0.HOG0000038	Vespa_velutina	12	-5	0.00158488
N0.HOG0000041	22	8	1	0.349824
N0.HOG0000041	30	11	5	1.46356e-06
N0.HOG0000041	Ancistrocerus_nigricornis	1	-1	0.867478
N0.HOG0000041	Polistes_fuscatus	14	2	0.232632
N0.HOG0000041	24	14	2	0.0782351
N0.HOG0000041	20	3	1	0.213888
N0.HOG0000041	21	7	4	0.00460137
N0.HOG0000041	27	0	0	0.5
N0.HOG0000041	Mischocyttarus_mexicanus	12	5	0.0364005
N0.HOG0000041	Polistes_exclamans	42	28	5.95429e-22
N0.HOG0000041	29	6	4	0.00164536
N0.HOG0000041	Polistes_dominula	2	-6	0.00110398
N0.HOG0000041	Tiphia_femorata	1	-1	0.875
N0.HOG0000041	Dolichovespula_media	2	0	0.726509
N0.HOG0000041	25	2	-1	0.517204
N0.HOG0000041	26	0	-2	0.0234074
N0.HOG0000041	Anoplius_nigerrimus	2	0	0.40625
N0.HOG0000041	Polistes_canadensis	5	-9	1.56665e-07
N0.HOG0000041	23	12	4	0.00381833
N0.HOG0000041	19	2	0	0.756021
N0.HOG0000041	Vespula_pensylvanica	0	0	0.5
N0.HOG0000041	Vespula_germanica	0	0	0.5
N0.HOG0000041	33	2	0	0.656683
N0.HOG0000041	31	2	0	0.645926
N0.HOG0000041	32	1	-1	0.127673
N0.HOG0000041	Dolichovespula_sylvestris	1	0	0.610176
N0.HOG0000041	Vespula_vulgaris	0	0	0.5
N0.HOG0000041	Vespa_crabro	11	0	0.745857
N0.HOG0000041	Dolichovespula_saxonica	1	0	0.610176
N0.HOG0000041	Vespa_mandarinia	24	13	1.2528e-13
N0.HOG0000041	28	2	0	0.599384
N0.HOG0000041	Vespa_velutina	4	-2	0.0284459
N0.HOG0000047	22	6	-3	0.0462545
N0.HOG0000047	30	1	0	0.526413
N0.HOG0000047	Ancistrocerus_nigricornis	0	-2	0.62559
N0.HOG0000047	Polistes_fuscatus	1	-5	0.000233913
N0.HOG0000047	24	7	1	0.16559
N0.HOG0000047	20	3	1	0.213888
N0.HOG0000047	21	9	6	0.000278592
N0.HOG0000047	27	0	0	0.5
N0.HOG0000047	Mischocyttarus_mexicanus	59	50	3.33818e-22
N0.HOG0000047	Polistes_exclamans	33	26	1.38352e-23
N0.HOG0000047	29	1	0	0.658705
N0.HOG0000047	Polistes_dominula	4	-2	0.284022
N0.HOG0000047	Tiphia_femorata	0	-2	0.625
N0.HOG0000047	Dolichovespula_media	1	0	0.64182
N0.HOG0000047	25	1	-2	0.158494
N0.HOG0000047	26	0	-1	0.215339
N0.HOG0000047	Anoplius_nigerrimus	5	3	0.0859375
N0.HOG0000047	Polistes_canadensis	1	-6	1.33788e-06
N0.HOG0000047	23	6	0	0.76649
N0.HOG0000047	19	2	0	0.756021
N0.HOG0000047	Vespula_pensylvanica	0	0	0.5
N0.HOG0000047	Vespula_germanica	0	0	0.5
N0.HOG0000047	33	2	0	0.656683
N0.HOG0000047	31	1	0	0.582988
N0.HOG0000047	32	1	0	0.545594
N0.HOG0000047	Dolichovespula_sylvestris	1	0	0.610176
N0.HOG0000047	Vespula_vulgaris	0	0	0.5
N0.HOG0000047	Vespa_crabro	3	2	0.000689757
N0.HOG0000047	Dolichovespula_saxonica	2	1	0.0577101
N0.HOG0000047	Vespa_mandarinia	0	-1	0.0543698
N0.HOG0000047	28	1	0	0.553981
N0.HOG0000047	Vespa_velutina	0	-1	0.0891804
N0.HOG0000049	22	12	0	0.884934
N0.HOG0000049	30	17	1	0.197625
N0.HOG0000049	Ancistrocerus_nigricornis	2	-8	0.0321105
N0.HOG0000049	Polistes_fuscatus	13	1	0.499743
N0.HOG0000049	24	11	-1	0.513853
N0.HOG0000049	20	13	3	0.163919
N0.HOG0000049	21	12	-1	0.751777
N0.HOG0000049	27	23	0	0.907627
N0.HOG0000049	Mischocyttarus_mexicanus	12	0	0.797343
N0.HOG0000049	Polistes_exclamans	13	2	0.118552
N0.HOG0000049	29	16	-1	0.774871
N0.HOG0000049	Polistes_dominula	12	0	0.914138
N0.HOG0000049	Tiphia_femorata	34	23	0.000158805
N0.HOG0000049	Dolichovespula_media	17	1	0.596077
N0.HOG0000049	25	17	4	0.103794
N0.HOG0000049	26	23	6	0.0258568
N0.HOG0000049	Anoplius_nigerrimus	1	-10	0.010168
N0.HOG0000049	Polistes_canadensis	7	-4	0.00585572
N0.HOG0000049	23	12	0	0.845257
N0.HOG0000049	19	10	-1	0.729001
N0.HOG0000049	Vespula_pensylvanica	19	-4	0.00361397
N0.HOG0000049	Vespula_germanica	29	6	0.0271902
N0.HOG0000049	33	11	0	0.85833
N0.HOG0000049	31	16	-1	0.667144
N0.HOG0000049	32	16	0	0.821164
N0.HOG0000049	Dolichovespula_sylvestris	5	-11	9.20241e-08
N0.HOG0000049	Vespula_vulgaris	26	3	0.0427519
N0.HOG0000049	Vespa_crabro	17	0	0.800973
N0.HOG0000049	Dolichovespula_saxonica	23	7	0.00200298
N0.HOG0000049	Vespa_mandarinia	17	0	0.800973
N0.HOG0000049	28	17	0	0.845767
N0.HOG0000049	Vespa_velutina	14	-2	0.225026
N0.HOG0000050	22	9	-1	0.637131
N0.HOG0000050	30	36	-1	0.585745
N0.HOG0000050	Ancistrocerus_nigricornis	14	2	0.464959
N0.HOG0000050	Polistes_fuscatus	6	-3	0.0563272
N0.HOG0000050	24	9	0	0.7795
N0.HOG0000050	20	15	3	0.203329
N0.HOG0000050	21	10	-5	0.0461354
N0.HOG0000050	27	35	4	0.101086
N0.HOG0000050	Mischocyttarus_mexicanus	8	-2	0.511623
N0.HOG0000050	Polistes_exclamans	15	6	0.000178229
N0.HOG0000050	29	37	10	0.0045812
N0.HOG0000050	Polistes_dominula	8	-1	0.70542
N0.HOG0000050	Tiphia_femorata	5	-4	0.496502
N0.HOG0000050	Dolichovespula_media	28	3	0.276583
N0.HOG0000050	25	26	11	0.000801973
N0.HOG0000050	26	31	5	0.0967743
N0.HOG0000050	Anoplius_nigerrimus	3	-6	0.195996
N0.HOG0000050	Polistes_canadensis	6	-3	0.0189719
N0.HOG0000050	23	9	0	0.81572
N0.HOG0000050	19	12	2	0.279972
N0.HOG0000050	Vespula_pensylvanica	35	0	0.86663
N0.HOG0000050	Vespula_germanica	30	-1	0.799041
N0.HOG0000050	33	9	-1	0.586627
N0.HOG0000050	31	25	-2	0.433128
N0.HOG0000050	32	23	-2	0.258308
N0.HOG0000050	Dolichovespula_sylvestris	18	-5	0.0363122
N0.HOG0000050	Vespula_vulgaris	37	2	0.162542
N0.HOG0000050	Vespa_crabro	30	-6	0.000709147
N0.HOG0000050	Dolichovespula_saxonica	22	-1	0.757042
N0.HOG0000050	Vespa_mandarinia	39	3	0.103315
N0.HOG0000050	28	27	1	0.46352
N0.HOG0000050	Vespa_velutina	44	7	0.00348811
N0.HOG0000056	22	19	5	0.0183195
N0.HOG0000056	30	11	0	0.701469
N0.HOG0000056	Ancistrocerus_nigricornis	4	-2	0.804737
N0.HOG0000056	Polistes_fuscatus	31	11	0.000101563
N0.HOG0000056	24	18	-2	0.257724
N0.HOG0000056	20	10	4	0.0413745
N0.HOG0000056	21	14	4	0.0790988
N0.HOG0000056	27	10	0	0.852324
N0.HOG0000056	Mischocyttarus_mexicanus	10	-4	0.239027
N0.HOG0000056	Polistes_exclamans	18	0	0.884297
N0.HOG0000056	29	11	2	0.238777
N0.HOG0000056	Polistes_dominula	24	5	0.0795472
N0.HOG0000056	Tiphia_femorata	2	-2	0.765625
N0.HOG0000056	Dolichovespula_media	7	-1	0.645596
N0.HOG0000056	25	9	-1	0.736463
N0.HOG0000056	26	10	1	0.48579
N0.HOG0000056	Anoplius_nigerrimus	1	-3	0.488281
N0.HOG0000056	Polistes_canadensis	16	-2	0.325124
N0.HOG0000056	23	20	1	0.468974
N0.HOG0000056	19	6	1	0.382571
N0.HOG0000056	Vespula_pensylvanica	9	-1	0.354758
N0.HOG0000056	Vespula_germanica	10	0	0.87577
N0.HOG0000056	33	4	-1	0.432497
N0.HOG0000056	31	8	-1	0.545201
N0.HOG0000056	32	8	0	0.735278
N0.HOG0000056	Dolichovespula_sylvestris	5	-3	0.0336709
N0.HOG0000056	Vespula_vulgaris	10	0	0.725776
N0.HOG0000056	Vespa_crabro	8	-3	0.00371953
N0.HOG0000056	Dolichovespula_saxonica	9	1	0.373719
N0.HOG0000056	Vespa_mandarinia	12	1	0.19066
N0.HOG0000056	28	9	0	0.774495
N0.HOG0000056	Vespa_velutina	14	3	0.0315248
N0.HOG0000060	22	18	3	0.111279
N0.HOG0000060	30	18	0	0.76589
N0.HOG0000060	Ancistrocerus_nigricornis	4	-4	0.442634
N0.HOG0000060	Polistes_fuscatus	27	10	0.000150924
N0.HOG0000060	24	12	-5	0.00117028
N0.HOG0000060	20	12	4	0.0754966
N0.HOG0000060	21	15	3	0.160576
N0.HOG0000060	27	10	-1	0.610322
N0.HOG0000060	Mischocyttarus_mexicanus	12	-3	0.403587
N0.HOG0000060	Polistes_exclamans	8	-4	0.00766984
N0.HOG0000060	29	18	4	0.0816621
N0.HOG0000060	Polistes_dominula	29	11	0.000686053
N0.HOG0000060	Tiphia_femorata	3	-3	0.586426
N0.HOG0000060	Dolichovespula_media	9	-5	0.0225484
N0.HOG0000060	25	13	1	0.611175
N0.HOG0000060	26	11	-2	0.423709
N0.HOG0000060	Anoplius_nigerrimus	3	-3	0.586426
N0.HOG0000060	Polistes_canadensis	11	-1	0.595555
N0.HOG0000060	23	17	-1	0.653977
N0.HOG0000060	19	8	1	0.464217
N0.HOG0000060	Vespula_pensylvanica	9	-1	0.354758
N0.HOG0000060	Vespula_germanica	12	1	0.467601
N0.HOG0000060	33	6	-1	0.510121
N0.HOG0000060	31	14	0	0.869927
N0.HOG0000060	32	15	1	0.280961
N0.HOG0000060	Dolichovespula_sylvestris	15	0	0.896318
N0.HOG0000060	Vespula_vulgaris	10	0	0.725776
N0.HOG0000060	Vespa_crabro	19	1	0.284649
N0.HOG0000060	Dolichovespula_saxonica	19	4	0.0629075
N0.HOG0000060	Vespa_mandarinia	16	-2	0.142886
N0.HOG0000060	28	14	1	0.303703
N0.HOG0000060	Vespa_velutina	20	2	0.148777
N0.HOG0000096	22	10	1	0.409686
N0.HOG0000096	30	8	0	0.662269
N0.HOG0000096	Ancistrocerus_nigricornis	1	-3	0.352188
N0.HOG0000096	Polistes_fuscatus	55	42	7.31322e-28
N0.HOG0000096	24	10	-3	0.0182076
N0.HOG0000096	20	5	1	0.376159
N0.HOG0000096	21	9	4	0.0165151
N0.HOG0000096	27	1	0	0.592137
N0.HOG0000096	Mischocyttarus_mexicanus	14	5	0.0640766
N0.HOG0000096	Polistes_exclamans	4	-6	3.23473e-05
N0.HOG0000096	29	8	5	0.000880443
N0.HOG0000096	Polistes_dominula	4	-6	0.00293701
N0.HOG0000096	Tiphia_femorata	1	-3	0.488281
N0.HOG0000096	Dolichovespula_media	3	0	0.779263
N0.HOG0000096	25	3	-2	0.267129
N0.HOG0000096	26	1	-2	0.0514934
N0.HOG0000096	Anoplius_nigerrimus	7	3	0.142578
N0.HOG0000096	Polistes_canadensis	10	0	0.836562
N0.HOG0000096	23	13	3	0.0407888
N0.HOG0000096	19	4	0	0.837304
N0.HOG0000096	Vespula_pensylvanica	1	0	0.53456
N0.HOG0000096	Vespula_germanica	0	-1	0.172656
N0.HOG0000096	33	4	0	0.744168
N0.HOG0000096	31	3	0	0.694153
N0.HOG0000096	32	2	-1	0.180587
N0.HOG0000096	Dolichovespula_sylvestris	0	-2	0.011445
N0.HOG0000096	Vespula_vulgaris	0	-1	0.0515309
N0.HOG0000096	Vespa_crabro	6	-2	0.0183602
N0.HOG0000096	Dolichovespula_saxonica	2	0	0.685397
N0.HOG0000096	Vespa_mandarinia	9	1	0.143232
N0.HOG0000096	28	3	0	0.637716
N0.HOG0000096	Vespa_velutina	10	2	0.100016
N0.HOG0000101	22	28	6	0.0212828
N0.HOG0000101	30	18	2	0.0776564
N0.HOG0000101	Ancistrocerus_nigricornis	0	-5	0.06084
N0.HOG0000101	Polistes_fuscatus	87	55	1.23585e-29
N0.HOG0000101	24	23	-9	2.81461e-05
N0.HOG0000101	20	11	6	0.00287406
N0.HOG0000101	21	22	11	5.91175e-05
N0.HOG0000101	27	6	-1	0.515682
N0.HOG0000101	Mischocyttarus_mexicanus	26	4	0.2886
N0.HOG0000101	Polistes_exclamans	24	1	0.531162
N0.HOG0000101	29	16	7	0.00227611
N0.HOG0000101	Polistes_dominula	27	-1	0.834238
N0.HOG0000101	Tiphia_femorata	4	0	0.619141
N0.HOG0000101	Dolichovespula_media	12	4	0.0312566
N0.HOG0000101	25	9	-2	0.457669
N0.HOG0000101	26	7	-2	0.334813
N0.HOG0000101	Anoplius_nigerrimus	0	-4	0.203125
N0.HOG0000101	Polistes_canadensis	10	-13	1.73846e-09
N0.HOG0000101	23	32	4	0.0841978
N0.HOG0000101	19	5	1	0.328118
N0.HOG0000101	Vespula_pensylvanica	3	-3	0.000508172
N0.HOG0000101	Vespula_germanica	8	1	0.360373
N0.HOG0000101	33	4	0	0.744168
N0.HOG0000101	31	8	-1	0.545201
N0.HOG0000101	32	5	-3	0.00286706
N0.HOG0000101	Dolichovespula_sylvestris	1	-4	0.000586831
N0.HOG0000101	Vespula_vulgaris	6	0	0.661603
N0.HOG0000101	Vespa_crabro	23	5	0.000598164
N0.HOG0000101	Dolichovespula_saxonica	4	-1	0.485652
N0.HOG0000101	Vespa_mandarinia	17	-1	0.503196
N0.HOG0000101	28	9	0	0.774495
N0.HOG0000101	Vespa_velutina	15	-1	0.591242
N0.HOG0000105	22	8	0	0.854507
N0.HOG0000105	30	17	-1	0.425855
N0.HOG0000105	Ancistrocerus_nigricornis	2	-2	0.753714
N0.HOG0000105	Polistes_fuscatus	7	-1	0.613868
N0.HOG0000105	24	8	0	0.764446
N0.HOG0000105	20	7	3	0.0656751
N0.HOG0000105	21	8	1	0.465574
N0.HOG0000105	27	11	2	0.112935
N0.HOG0000105	Mischocyttarus_mexicanus	11	3	0.173402
N0.HOG0000105	Polistes_exclamans	13	5	0.000744315
N0.HOG0000105	29	18	9	0.000229222
N0.HOG0000105	Polistes_dominula	6	-2	0.353902
N0.HOG0000105	Tiphia_femorata	2	-1	0.90625
N0.HOG0000105	Dolichovespula_media	9	2	0.156048
N0.HOG0000105	25	9	2	0.230267
N0.HOG0000105	26	9	0	0.888097
N0.HOG0000105	Anoplius_nigerrimus	1	-2	0.71875
N0.HOG0000105	Polistes_canadensis	6	-2	0.149565
N0.HOG0000105	23	8	0	0.802196
N0.HOG0000105	19	4	1	0.261486
N0.HOG0000105	Vespula_pensylvanica	11	0	0.738335
N0.HOG0000105	Vespula_germanica	5	-4	0.01231
N0.HOG0000105	33	3	0	0.706445
N0.HOG0000105	31	7	-2	0.179958
N0.HOG0000105	32	6	-1	0.340037
N0.HOG0000105	Dolichovespula_sylvestris	6	0	0.823211
N0.HOG0000105	Vespula_vulgaris	11	0	0.738335
N0.HOG0000105	Vespa_crabro	11	-6	1.60431e-05
N0.HOG0000105	Dolichovespula_saxonica	4	-2	0.165005
N0.HOG0000105	Vespa_mandarinia	20	3	0.0257421
N0.HOG0000105	28	9	0	0.774495
N0.HOG0000105	Vespa_velutina	27	9	6.36838e-06
N0.HOG0000108	22	5	-2	0.202054
N0.HOG0000108	30	16	-2	0.0425549
N0.HOG0000108	Ancistrocerus_nigricornis	1	-3	0.352188
N0.HOG0000108	Polistes_fuscatus	4	0	0.792452
N0.HOG0000108	24	2	-2	0.0112413
N0.HOG0000108	20	8	4	0.0154907
N0.HOG0000108	21	7	-1	0.682285
N0.HOG0000108	27	30	3	0.175866
N0.HOG0000108	Mischocyttarus_mexicanus	13	6	0.0135492
N0.HOG0000108	Polistes_exclamans	1	-1	0.211883
N0.HOG0000108	29	18	2	0.378133
N0.HOG0000108	Polistes_dominula	6	1	0.391303
N0.HOG0000108	Tiphia_femorata	1	-2	0.71875
N0.HOG0000108	Dolichovespula_media	13	-1	0.732862
N0.HOG0000108	25	16	8	0.000943866
N0.HOG0000108	26	27	11	0.000202037
N0.HOG0000108	Anoplius_nigerrimus	1	-2	0.71875
N0.HOG0000108	Polistes_canadensis	2	0	0.640896
N0.HOG0000108	23	4	-1	0.380003
N0.HOG0000108	19	4	1	0.261486
N0.HOG0000108	Vespula_pensylvanica	32	2	0.134943
N0.HOG0000108	Vespula_germanica	30	3	0.240142
N0.HOG0000108	33	3	0	0.706445
N0.HOG0000108	31	14	-2	0.307762
N0.HOG0000108	32	14	0	0.806138
N0.HOG0000108	Dolichovespula_sylvestris	16	2	0.237497
N0.HOG0000108	Vespula_vulgaris	29	-1	0.599498
N0.HOG0000108	Vespa_crabro	16	0	0.793698
N0.HOG0000108	Dolichovespula_saxonica	11	-3	0.15304
N0.HOG0000108	Vespa_mandarinia	15	-1	0.476324
N0.HOG0000108	28	16	0	0.839999
N0.HOG0000108	Vespa_velutina	24	6	0.000800916
N0.HOG0000118	22	2	-2	0.0487388
N0.HOG0000118	30	2	0	0.550752
N0.HOG0000118	Ancistrocerus_nigricornis	2	-1	0.900193
N0.HOG0000118	Polistes_fuscatus	3	1	0.130381
N0.HOG0000118	24	0	-2	0.00231199
N0.HOG0000118	20	3	0	0.830568
N0.HOG0000118	21	4	1	0.262654
N0.HOG0000118	27	0	0	0.5
N0.HOG0000118	Mischocyttarus_mexicanus	29	25	1.73035e-12
N0.HOG0000118	Polistes_exclamans	0	0	0.5
N0.HOG0000118	29	2	0	0.746415
N0.HOG0000118	Polistes_dominula	2	0	0.761118
N0.HOG0000118	Tiphia_femorata	4	0	0.619141
N0.HOG0000118	Dolichovespula_media	2	0	0.726509
N0.HOG0000118	25	2	-1	0.517204
N0.HOG0000118	26	0	-2	0.0234074
N0.HOG0000118	Anoplius_nigerrimus	9	5	0.0595703
N0.HOG0000118	Polistes_canadensis	0	0	0.5
N0.HOG0000118	23	2	0	0.631229
N0.HOG0000118	19	3	-1	0.54912
N0.HOG0000118	Vespula_pensylvanica	0	0	0.5
N0.HOG0000118	Vespula_germanica	0	0	0.5
N0.HOG0000118	33	4	0	0.744168
N0.HOG0000118	31	2	0	0.645926
N0.HOG0000118	32	3	1	0.0465956
N0.HOG0000118	Dolichovespula_sylvestris	8	5	0.000151799
N0.HOG0000118	Vespula_vulgaris	0	0	0.5
N0.HOG0000118	Vespa_crabro	2	0	0.569012
N0.HOG0000118	Dolichovespula_saxonica	3	0	0.737853
N0.HOG0000118	Vespa_mandarinia	9	7	3.66341e-10
N0.HOG0000118	28	2	0	0.599384
N0.HOG0000118	Vespa_velutina	0	-2	0.00272523
N0.HOG0000122	22	10	6	6.73238e-05
N0.HOG0000122	30	0	0	0.5
N0.HOG0000122	Ancistrocerus_nigricornis	0	-1	0.766156
N0.HOG0000122	Polistes_fuscatus	37	26	1.18358e-16
N0.HOG0000122	24	7	-4	0.00162547
N0.HOG0000122	20	1	0	0.694611
N0.HOG0000122	21	4	3	0.00306604
N0.HOG0000122	27	0	0	0.5
N0.HOG0000122	Mischocyttarus_mexicanus	1	-3	0.0606701
N0.HOG0000122	Polistes_exclamans	4	-3	0.0100946
N0.HOG0000122	29	0	0	0.5
N0.HOG0000122	Polistes_dominula	16	6	0.00993387
N0.HOG0000122	Tiphia_femorata	1	0	0.375
N0.HOG0000122	Dolichovespula_media	0	0	0.5
N0.HOG0000122	25	0	-1	0.269496
N0.HOG0000122	26	0	0	0.5
N0.HOG0000122	Anoplius_nigerrimus	1	0	0.375
N0.HOG0000122	Polistes_canadensis	7	0	0.797277
N0.HOG0000122	23	11	1	0.319631
N0.HOG0000122	19	1	0	0.667296
N0.HOG0000122	Vespula_pensylvanica	0	0	0.5
N0.HOG0000122	Vespula_germanica	0	0	0.5
N0.HOG0000122	33	1	0	0.590135
N0.HOG0000122	31	0	0	0.5
N0.HOG0000122	32	0	0	0.5
N0.HOG0000122	Dolichovespula_sylvestris	0	0	0.5
N0.HOG0000122	Vespula_vulgaris	0	0	0.5
N0.HOG0000122	Vespa_crabro	0	0	0.5
N0.HOG0000122	Dolichovespula_saxonica	0	0	0.5
N0.HOG0000122	Vespa_mandarinia	0	0	0.5
N0.HOG0000122	28	0	0	0.5
N0.HOG0000122	Vespa_velutina	0	0	0.5
N0.HOG0000128	22	4	-4	0.00758112
N0.HOG0000128	30	0	0	0.5
N0.HOG0000128	Ancistrocerus_nigricornis	4	-2	0.804737
N0.HOG0000128	Polistes_fuscatus	2	-2	0.0576591
N0.HOG0000128	24	4	0	0.67497
N0.HOG0000128	20	6	0	0.886852
N0.HOG0000128	21	8	2	0.16716
N0.HOG0000128	27	0	-3	0.00129189
N0.HOG0000128	Mischocyttarus_mexicanus	45	37	3.01841e-16
N0.HOG0000128	Polistes_exclamans	18	14	1.58049e-13
N0.HOG0000128	29	0	-4	0.00117212
N0.HOG0000128	Polistes_dominula	1	-3	0.0238689
N0.HOG0000128	Tiphia_femorata	4	-2	0.81543
N0.HOG0000128	Dolichovespula_media	8	2	0.128967
N0.HOG0000128	25	4	-2	0.310926
N0.HOG0000128	26	3	-1	0.514746
N0.HOG0000128	Anoplius_nigerrimus	8	2	0.313751
N0.HOG0000128	Polistes_canadensis	0	-4	3.98773e-05
N0.HOG0000128	23	4	0	0.713341
N0.HOG0000128	19	6	0	0.872024
N0.HOG0000128	Vespula_pensylvanica	0	0	0.5
N0.HOG0000128	Vespula_germanica	4	1	0.182914
N0.HOG0000128	33	6	0	0.795847
N0.HOG0000128	31	6	2	0.0603269
N0.HOG0000128	32	6	0	0.697771
N0.HOG0000128	Dolichovespula_sylvestris	9	3	0.0364644
N0.HOG0000128	Vespula_vulgaris	0	0	0.5
N0.HOG0000128	Vespa_crabro	0	0	0.5
N0.HOG0000128	Dolichovespula_saxonica	4	-2	0.165005
N0.HOG0000128	Vespa_mandarinia	0	0	0.5
N0.HOG0000128	28	4	0	0.670207
N0.HOG0000128	Vespa_velutina	0	0	0.5
N0.HOG0000158	22	12	-1	0.701351
N0.HOG0000158	30	29	-3	0.0310724
N0.HOG0000158	Ancistrocerus_nigricornis	8	3	0.194885
N0.HOG0000158	Polistes_fuscatus	10	-1	0.690932
N0.HOG0000158	24	11	0	0.818709
N0.HOG0000158	20	11	6	0.00447613
N0.HOG0000158	21	13	2	0.335453
N0.HOG0000158	27	18	-2	0.420745
N0.HOG0000158	Mischocyttarus_mexicanus	18	5	0.109682
N0.HOG0000158	Polistes_exclamans	22	11	1.72695e-07
N0.HOG0000158	29	32	17	9.47517e-07
N0.HOG0000158	Polistes_dominula	13	1	0.613455
N0.HOG0000158	Tiphia_femorata	0	0	0.5
N0.HOG0000158	Dolichovespula_media	8	-1	0.686456
N0.HOG0000158	25	15	4	0.0970054
N0.HOG0000158	26	20	5	0.0639934
N0.HOG0000158	Anoplius_nigerrimus	1	1	0.0
N0.HOG0000158	Polistes_canadensis	2	-9	1.78955e-08
N0.HOG0000158	23	11	-1	0.602774
N0.HOG0000158	19	5	4	0.000838375
N0.HOG0000158	Vespula_pensylvanica	15	-3	0.0159624
N0.HOG0000158	Vespula_germanica	29	9	0.00189865
N0.HOG0000158	33	0	-1	0.148143
N0.HOG0000158	31	9	-6	0.00132299
N0.HOG0000158	32	7	-2	0.0431361
N0.HOG0000158	Dolichovespula_sylvestris	4	-3	0.0330779
N0.HOG0000158	Vespula_vulgaris	20	2	0.0805392
N0.HOG0000158	Vespa_crabro	17	-12	5.18554e-10
N0.HOG0000158	Dolichovespula_saxonica	7	0	0.851224
N0.HOG0000158	Vespa_mandarinia	32	3	0.0901467
N0.HOG0000158	28	15	0	0.846188
N0.HOG0000158	Vespa_velutina	55	23	3.12934e-14
N0.HOG0000307	22	0	-2	0.0122525
N0.HOG0000307	30	1	0	0.526413
N0.HOG0000307	Ancistrocerus_nigricornis	2	0	0.414099
N0.HOG0000307	Polistes_fuscatus	0	0	0.5
N0.HOG0000307	24	0	0	0.5
N0.HOG0000307	20	2	0	0.784321
N0.HOG0000307	21	2	0	0.756827
N0.HOG0000307	27	0	-1	0.135862
N0.HOG0000307	Mischocyttarus_mexicanus	21	19	8.66038e-11
N0.HOG0000307	Polistes_exclamans	0	0	0.5
N0.HOG0000307	29	1	0	0.658705
N0.HOG0000307	Polistes_dominula	0	0	0.5
N0.HOG0000307	Tiphia_femorata	2	0	0.40625
N0.HOG0000307	Dolichovespula_media	3	2	0.011521
N0.HOG0000307	25	1	-1	0.422707
N0.HOG0000307	26	1	0	0.647868
N0.HOG0000307	Anoplius_nigerrimus	5	3	0.0859375
N0.HOG0000307	Polistes_canadensis	0	0	0.5
N0.HOG0000307	23	0	0	0.5
N0.HOG0000307	19	2	0	0.756021
N0.HOG0000307	Vespula_pensylvanica	0	0	0.5
N0.HOG0000307	Vespula_germanica	1	0	0.617734
N0.HOG0000307	33	2	0	0.656683
N0.HOG0000307	31	1	0	0.582988
N0.HOG0000307	32	1	0	0.545594
N0.HOG0000307	Dolichovespula_sylvestris	1	0	0.610176
N0.HOG0000307	Vespula_vulgaris	0	0	0.5
N0.HOG0000307	Vespa_crabro	1	0	0.536477
N0.HOG0000307	Dolichovespula_saxonica	0	-1	0.16184
N0.HOG0000307	Vespa_mandarinia	0	-1	0.0543698
N0.HOG0000307	28	1	0	0.553981
N0.HOG0000307	Vespa_velutina	0	-1	0.0891804
N0.HOG0000951	22	8	0	0.865329
N0.HOG0000951	30	0	0	0.5
N0.HOG0000951	Ancistrocerus_nigricornis	0	-1	0.75
N0.HOG0000951	Polistes_fuscatus	9	-1	0.675701
N0.HOG0000951	24	12	2	0.0723402
N0.HOG0000951	20	2	1	0.113658
N0.HOG0000951	21	8	6	0.000172209
N0.HOG0000951	27	0	0	0.5
N0.HOG0000951	Mischocyttarus_mexicanus	17	9	0.00326416
N0.HOG0000951	Polistes_exclamans	47	35	8.22885e-28
N0.HOG0000951	29	0	0	0.5
N0.HOG0000951	Polistes_dominula	3	-5	0.0134466
N0.HOG0000951	Tiphia_femorata	0	0	0.5
N0.HOG0000951	Dolichovespula_media	0	0	0.5
N0.HOG0000951	25	0	-2	0.0517414
N0.HOG0000951	26	0	0	0.5
N0.HOG0000951	Anoplius_nigerrimus	1	1	0.0
N0.HOG0000951	Polistes_canadensis	5	-7	2.34185e-05
N0.HOG0000951	23	10	2	0.0806988
N0.HOG0000951	19	1	0	0.683614
N0.HOG0000951	Vespula_pensylvanica	0	0	0.5
N0.HOG0000951	Vespula_germanica	0	0	0.5
N0.HOG0000951	33	0	-1	0.148143
N0.HOG0000951	31	0	0	0.5
N0.HOG0000951	32	0	0	0.5
N0.HOG0000951	Dolichovespula_sylvestris	0	0	0.5
N0.HOG0000951	Vespula_vulgaris	0	0	0.5
N0.HOG0000951	Vespa_crabro	0	0	0.5
N0.HOG0000951	Dolichovespula_saxonica	0	0	0.5
N0.HOG0000951	Vespa_mandarinia	0	0	0.5
N0.HOG0000951	28	0	0	0.5
N0.HOG0000951	Vespa_velutina	0	0	0.5
N0.HOG0002570	22	4	0	0.779658
N0.HOG0002570	30	0	0	0.5
N0.HOG0002570	Ancistrocerus_nigricornis	1	0	0.390634
N0.HOG0002570	Polistes_fuscatus	7	1	0.336396
N0.HOG0002570	24	7	1	0.16559
N0.HOG0002570	20	1	0	0.694611
N0.HOG0002570	21	4	3	0.00306604
N0.HOG0002570	27	0	0	0.5
N0.HOG0002570	Mischocyttarus_mexicanus	7	3	0.10484
N0.HOG0002570	Polistes_exclamans	26	19	9.9967e-17
N0.HOG0002570	29	0	0	0.5
N0.HOG0002570	Polistes_dominula	2	-2	0.193221
N0.HOG0002570	Tiphia_femorata	0	-1	0.75
N0.HOG0002570	Dolichovespula_media	0	0	0.5
N0.HOG0002570	25	0	-1	0.269496
N0.HOG0002570	26	0	0	0.5
N0.HOG0002570	Anoplius_nigerrimus	1	0	0.375
N0.HOG0002570	Polistes_canadensis	2	-5	4.8645e-05
N0.HOG0002570	23	6	2	0.0486185
N0.HOG0002570	19	1	0	0.667296
N0.HOG0002570	Vespula_pensylvanica	0	0	0.5
N0.HOG0002570	Vespula_germanica	0	0	0.5
N0.HOG0002570	33	1	0	0.590135
N0.HOG0002570	31	0	0	0.5
N0.HOG0002570	32	0	0	0.5
N0.HOG0002570	Dolichovespula_sylvestris	0	0	0.5
N0.HOG0002570	Vespula_vulgaris	0	0	0.5
N0.HOG0002570	Vespa_crabro	0	0	0.5
N0.HOG0002570	Dolichovespula_saxonica	0	0	0.5
N0.HOG0002570	Vespa_mandarinia	0	0	0.5
N0.HOG0002570	28	0	0	0.5
N0.HOG0002570	Vespa_velutina	0	0	0.5
