tree	calibration	node	fixed_age_Ma	fitted_age_Ma	matches_fixed_age	age_min_Ma	age_max_Ma	within_sensitivity_bounds	source	source_url	rationale
Vespidae	sampled_Vespidae	16	110	110	TRUE	90	123.9	TRUE	Luo et al. 2022, BMC Ecology and Evolution 22:63; Paleovespa (60-64 Ma), Symmorphus (90-94 Ma), Polistinae-Vespinae estimate about 75 Ma; Blaimer et al. 2023, Nature Communications 14:1212; Supplementary Data 6, preferred topC-1 chronogram	https://doi.org/10.1186/s12862-022-02017-6; https://doi.org/10.1038/s41467-023-36868-4	Fixed to Luo et al.'s Eumeninae-social Vespidae estimate; the sensitivity range combines the Eumeninae fossil and the upper 95% HPD for Vespoidea in Blaimer et al.
Vespidae	Polistinae_plus_Vespinae	17	75	75	TRUE	60	80	TRUE	Luo et al. 2022, BMC Ecology and Evolution 22:63; Paleovespa (60-64 Ma), Symmorphus (90-94 Ma), Polistinae-Vespinae estimate about 75 Ma	https://doi.org/10.1186/s12862-022-02017-6	Fixed to Luo et al.'s Polistinae-Vespinae estimate; the sensitivity range includes the oldest Vespinae fossil.
Vespidae_with_outgroups	sampled_Vespidae	19	110	110	TRUE	90	123.9	TRUE	Luo et al. 2022, BMC Ecology and Evolution 22:63; Paleovespa (60-64 Ma), Symmorphus (90-94 Ma), Polistinae-Vespinae estimate about 75 Ma; Blaimer et al. 2023, Nature Communications 14:1212; Supplementary Data 6, preferred topC-1 chronogram	https://doi.org/10.1186/s12862-022-02017-6; https://doi.org/10.1038/s41467-023-36868-4	Fixed to Luo et al.'s Eumeninae-social Vespidae estimate; the sensitivity range combines the Eumeninae fossil and the upper 95% HPD for Vespoidea in Blaimer et al.
Vespidae_with_outgroups	Polistinae_plus_Vespinae	20	75	75	TRUE	60	80	TRUE	Luo et al. 2022, BMC Ecology and Evolution 22:63; Paleovespa (60-64 Ma), Symmorphus (90-94 Ma), Polistinae-Vespinae estimate about 75 Ma	https://doi.org/10.1186/s12862-022-02017-6	Fixed to Luo et al.'s Polistinae-Vespinae estimate; the sensitivity range includes the oldest Vespinae fossil.
Aculeata	Aculeata	63	142.3	142.3	TRUE	129.1	157.6	TRUE	Blaimer et al. 2023, Nature Communications 14:1212; Supplementary Data 6, preferred topC-1 chronogram	https://doi.org/10.1038/s41467-023-36868-4	Fixed to the published median; range is its 95% HPD.
Aculeata	Formicidae_plus_Apoidea	64	108.6	108.6	TRUE	98.5	120.9	TRUE	Blaimer et al. 2023, Nature Communications 14:1212; Supplementary Data 6, preferred topC-1 chronogram	https://doi.org/10.1038/s41467-023-36868-4	Fixed to the published median; range is its 95% HPD.
Aculeata	Apoidea	72	102.13	102.13	TRUE	92.1	113.8	TRUE	Blaimer et al. 2023, Nature Communications 14:1212; Supplementary Data 6, preferred topC-1 chronogram	https://doi.org/10.1038/s41467-023-36868-4	Fixed to the published median; range is its 95% HPD.
Aculeata	sampled_Vespidae	109	110	110	TRUE	90	123.9	TRUE	Luo et al. 2022, BMC Ecology and Evolution 22:63; Paleovespa (60-64 Ma), Symmorphus (90-94 Ma), Polistinae-Vespinae estimate about 75 Ma; Blaimer et al. 2023, Nature Communications 14:1212; Supplementary Data 6, preferred topC-1 chronogram	https://doi.org/10.1186/s12862-022-02017-6; https://doi.org/10.1038/s41467-023-36868-4	Fixed to Luo et al.'s Eumeninae-social Vespidae estimate; the sensitivity range combines the Eumeninae fossil and the upper 95% HPD for Vespoidea in Blaimer et al.
Aculeata	Polistinae_plus_Vespinae	110	75	75	TRUE	60	80	TRUE	Luo et al. 2022, BMC Ecology and Evolution 22:63; Paleovespa (60-64 Ma), Symmorphus (90-94 Ma), Polistinae-Vespinae estimate about 75 Ma	https://doi.org/10.1186/s12862-022-02017-6	Fixed to Luo et al.'s Polistinae-Vespinae estimate; the sensitivity range includes the oldest Vespinae fossil.
